time from scenario start,umv response duration ms
00:00:00.00,322
00:02:14.07,103
00:02:46.26,101
00:02:57.19,102
00:02:58.99,257
00:02:59.05,108
00:02:59.30,105
00:02:59.36,141
00:02:59.41,172
00:02:59.45,253
00:02:59.66,394
00:02:59.70,310
00:02:59.92,429
00:02:59.96,429
00:03:00.17,561
00:03:00.21,543
00:03:00.42,683
00:03:00.46,685
00:03:00.68,632
00:03:00.72,494
00:03:00.93,705
00:03:00.97,637
00:03:01.18,826
00:03:01.23,851
00:03:01.44,868
00:03:01.48,825
00:03:01.69,1024
00:03:01.74,1061
00:03:01.95,1229
00:03:01.99,1236
00:03:02.20,1422
00:03:02.24,1393
00:03:02.45,1529
00:03:02.50,1562
00:03:02.71,1549
00:03:02.75,1587
00:03:02.87,1501
00:03:02.90,1502
00:03:02.92,1502
00:03:02.96,1501
00:03:02.96,1729
00:03:03.01,1738
00:03:03.18,1502
00:03:03.20,1501
00:03:03.21,1728
00:03:03.26,1654
00:03:03.27,1501
00:03:03.44,1501
00:03:03.46,1501
00:03:03.47,1724
00:03:03.51,1750
00:03:03.63,1502
00:03:03.65,1502
00:03:03.65,1501
00:03:03.72,1744
00:03:03.77,1659
00:03:03.97,1606
00:03:04.01,1501
00:03:04.02,1651
00:03:04.12,1501
00:03:04.13,1501
00:03:04.23,1726
00:03:04.27,1706
00:03:04.43,1502
00:03:04.45,1501
00:03:04.47,1502
00:03:04.48,1664
00:03:04.53,1660
00:03:04.59,1501
00:03:04.60,1501
00:03:04.74,1741
00:03:04.78,1742
00:03:04.87,1501
00:03:04.88,1501
00:03:04.99,1685
00:03:05.03,1689
00:03:05.10,1501
00:03:05.13,1501
00:03:05.24,1725
00:03:05.29,1721
00:03:05.50,1502
00:03:05.54,1422
00:03:05.75,1600
00:03:05.79,1527
00:03:06.00,1627
00:03:06.04,1615
00:03:06.26,1622
00:03:06.30,1544
00:03:06.47,1501
00:03:06.50,1502
00:03:06.50,1501
00:03:06.50,1501
00:03:06.51,1735
00:03:06.54,1501
00:03:06.55,1501
00:03:06.55,1657
00:03:06.70,1501
00:03:06.71,1501
00:03:06.72,1502
00:03:06.74,1501
00:03:06.76,1501
00:03:06.76,1753
00:03:06.80,1747
00:03:07.02,1620
00:03:07.06,1519
00:03:07.12,1501
00:03:07.22,1502
00:03:07.27,1717
00:03:07.31,1693
00:03:07.52,1537
00:03:07.56,1550
00:03:07.77,1630
00:03:07.82,1634
00:03:07.90,1501
00:03:08.03,1739
00:03:08.07,1713
00:03:08.28,1636
00:03:08.30,1501
00:03:08.32,1659
00:03:08.40,1501
00:03:08.44,1501
00:03:08.47,1502
00:03:08.53,1744
00:03:08.55,1501
00:03:08.58,1697
00:03:08.69,1501
00:03:08.73,1502
00:03:08.79,1748
00:03:08.83,1663
00:03:09.04,1502
00:03:09.04,1720
00:03:09.08,1676
00:03:09.27,1502
00:03:09.29,1590
00:03:09.34,1619
00:03:09.45,1501
00:03:09.49,1501
00:03:09.53,1501
00:03:09.55,1683
00:03:09.59,1685
00:03:09.63,1501
00:03:09.67,1502
00:03:09.69,1501
00:03:09.78,1501
00:03:09.80,1689
00:03:09.84,1725
00:03:10.04,1501
00:03:10.06,1732
00:03:10.10,1746
00:03:10.31,1492
00:03:10.35,1521
00:03:10.50,1501
00:03:10.52,1501
00:03:10.54,1502
00:03:10.56,1501
00:03:10.56,1668
00:03:10.60,1627
00:03:10.72,1501
00:03:10.74,1501
00:03:10.75,1501
00:03:10.78,1501
00:03:10.81,1681
00:03:10.86,1699
00:03:11.07,1554
00:03:11.11,1436
00:03:11.32,1585
00:03:11.36,1544
00:03:11.58,1498
00:03:11.62,1539
00:03:11.64,1501
00:03:11.64,1501
00:03:11.66,1501
00:03:11.73,1502
00:03:11.75,1501
00:03:11.76,1501
00:03:11.78,1501
00:03:11.82,1501
00:03:11.83,1748
00:03:11.87,1501
00:03:11.87,1744
00:03:12.06,1502
00:03:12.08,1735
00:03:12.12,1670
00:03:12.29,1501
00:03:12.30,1502
00:03:12.32,1501
00:03:12.33,1627
00:03:12.38,1642
00:03:12.54,1502
00:03:12.55,1501
00:03:12.56,1501
00:03:12.59,1708
00:03:12.63,1655
00:03:12.84,1501
00:03:12.84,1707
00:03:12.88,1673
00:03:13.02,1502
00:03:13.09,1748
00:03:13.14,1732
00:03:13.31,1502
00:03:13.35,1687
00:03:13.39,1680
00:03:13.45,1502
00:03:13.50,1502
00:03:13.52,1501
00:03:13.53,1501
00:03:13.56,1501
00:03:13.60,1501
00:03:13.60,1706
00:03:13.64,1738
00:03:13.85,1715
00:03:13.89,1751
00:03:13.93,1501
00:03:14.03,1502
00:03:14.11,1751
00:03:14.15,1722
00:03:14.22,1501
00:03:14.33,1501
00:03:14.34,1502
00:03:14.35,1501
00:03:14.36,1725
00:03:14.40,1743
00:03:14.61,1678
00:03:14.65,1694
00:03:14.87,1596
00:03:14.91,1573
00:03:15.04,1502
00:03:15.08,1502
00:03:15.10,1501
00:03:15.11,1502
00:03:15.12,1501
00:03:15.12,1739
00:03:15.16,1713
00:03:15.35,1501
00:03:15.37,1676
00:03:15.40,1502
00:03:15.41,1576
00:03:15.56,1524
00:03:15.61,1501
00:03:15.62,1750
00:03:15.67,1719
00:03:15.68,1501
00:03:15.69,1502
00:03:15.88,1724
00:03:15.92,1745
00:03:16.03,1502
00:03:16.03,1502
00:03:16.03,1501
00:03:16.13,1502
00:03:16.13,1721
00:03:16.17,1722
00:03:16.21,1502
00:03:16.27,1502
00:03:16.37,1502
00:03:16.38,1701
00:03:16.43,1728
00:03:16.56,1501
00:03:16.56,1502
00:03:16.63,1501
00:03:16.64,1685
00:03:16.65,1501
00:03:16.68,1692
00:03:16.85,1501
00:03:16.87,1501
00:03:16.89,1753
00:03:16.93,1718
00:03:17.08,1502
00:03:17.10,1502
00:03:17.14,1686
00:03:17.17,1502
00:03:17.19,1686
00:03:17.30,1501
00:03:17.39,1502
00:03:17.40,1743
00:03:17.44,1744
00:03:17.61,1501
00:03:17.65,1657
00:03:17.69,1656
00:03:17.86,1501
00:03:17.90,1711
00:03:17.95,1733
00:03:17.98,1501
00:03:17.98,1501
00:03:17.99,1502
00:03:18.05,1502
00:03:18.10,1501
00:03:18.11,1501
00:03:18.16,1723
00:03:18.20,1742
00:03:18.40,1501
00:03:18.41,1695
00:03:18.45,1719
00:03:18.58,1501
00:03:18.65,1501
00:03:18.67,1754
00:03:18.71,1658
00:03:18.77,1501
00:03:18.84,1501
00:03:18.92,1743
00:03:18.96,1736
00:03:19.08,1501
00:03:19.16,1501
00:03:19.18,1633
00:03:19.21,1650
00:03:19.34,1502
00:03:19.35,1501
00:03:19.39,1502
00:03:19.43,1597
00:03:19.47,1628
00:03:19.58,1502
00:03:19.62,1501
00:03:19.69,1746
00:03:19.72,1678
00:03:19.92,1502
00:03:19.94,1654
00:03:19.97,1620
00:03:20.05,1502
00:03:20.06,1501
00:03:20.08,1501
00:03:20.10,1501
00:03:20.19,1658
00:03:20.23,1688
00:03:20.38,1502
00:03:20.42,1502
00:03:20.45,1501
00:03:20.45,1697
00:03:20.48,1663
00:03:20.53,1501
00:03:20.61,1502
00:03:20.65,1502
00:03:20.70,1719
00:03:20.73,1729
00:03:20.93,1502
00:03:20.95,1685
00:03:20.99,1583
00:03:21.13,1501
00:03:21.20,1641
00:03:21.24,1673
00:03:21.41,1502
00:03:21.46,1502
00:03:21.46,1743
00:03:21.49,1710
00:03:21.64,1502
00:03:21.67,1502
00:03:21.71,1716
00:03:21.75,1668
00:03:21.97,1691
00:03:21.97,1502
00:03:22.00,1596
00:03:22.20,1502
00:03:22.22,1749
00:03:22.25,1706
00:03:22.40,1502
00:03:22.42,1502
00:03:22.47,1502
00:03:22.47,1647
00:03:22.51,1658
00:03:22.63,1501
00:03:22.69,1501
00:03:22.71,1501
00:03:22.72,1719
00:03:22.76,1664
00:03:22.85,1502
00:03:22.94,1502
00:03:22.97,1501
00:03:22.98,1501
00:03:22.98,1718
00:03:23.01,1669
00:03:23.15,1502
00:03:23.18,1501
00:03:23.23,1643
00:03:23.27,1661
00:03:23.35,1501
00:03:23.43,1501
00:03:23.48,1739
00:03:23.52,1744
00:03:23.74,1731
00:03:23.77,1606
00:03:23.95,1501
00:03:23.98,1502
00:03:23.99,1697
00:03:24.03,1703
00:03:24.21,1502
00:03:24.24,1749
00:03:24.28,1705
00:03:24.35,1501
00:03:24.39,1501
00:03:24.49,1502
00:03:24.50,1692
00:03:24.53,1697
00:03:24.54,1501
00:03:24.55,1502
00:03:24.75,1734
00:03:24.79,1748
00:03:24.88,1502
00:03:24.91,1502
00:03:25.00,1698
00:03:25.02,1501
00:03:25.04,1705
00:03:25.15,1501
00:03:25.22,1501
00:03:25.26,1752
00:03:25.29,1648
00:03:25.51,1502
00:03:25.51,1586
00:03:25.55,1569
00:03:25.76,1667
00:03:25.80,1653
00:03:25.89,1502
00:03:25.94,1501
00:03:25.95,1501
00:03:26.00,1501
00:03:26.02,1703
00:03:26.05,1694
00:03:26.15,1501
00:03:26.26,1501
00:03:26.27,1696
00:03:26.31,1718
00:03:26.42,1501
00:03:26.43,1501
00:03:26.44,1501
00:03:26.48,1501
00:03:26.53,1511
00:03:26.53,1511
00:03:26.53,1718
00:03:26.56,1741
00:03:26.79,1502
00:03:26.79,1502
00:03:26.81,1576
00:03:26.85,253
00:03:26.91,1501
00:03:26.97,1501
00:03:26.98,1501
00:03:26.99,1501
00:03:27.03,1501
00:03:27.06,1501
00:03:27.07,1732
00:03:27.10,1747
00:03:27.32,1684
00:03:27.36,1445
00:03:27.49,1502
00:03:27.57,1501
00:03:27.57,1657
00:03:27.61,1661
00:03:27.75,1501
00:03:27.82,1640
00:03:27.86,1622
00:03:27.96,1501
00:03:28.08,1731
00:03:28.12,1661
00:03:28.24,1501
00:03:28.26,1501
00:03:28.33,1682
00:03:28.37,1639
00:03:28.43,1501
00:03:28.44,1501
00:03:28.57,1501
00:03:28.58,1737
00:03:28.62,1727
00:03:28.69,1501
00:03:28.70,1501
00:03:28.72,1501
00:03:28.74,1502
00:03:28.74,1502
00:03:28.82,1501
00:03:28.84,1743
00:03:28.88,1753
00:03:28.90,1502
00:03:28.93,1501
00:03:29.00,1501
00:03:29.09,1501
00:03:29.09,1712
00:03:29.13,1740
00:03:29.34,1585
00:03:29.38,1573
00:03:29.60,1699
00:03:29.64,1498
00:03:29.76,1502
00:03:29.76,1502
00:03:29.79,1502
00:03:29.85,1686
00:03:29.89,1693
00:03:29.96,1501
00:03:29.97,1502
00:03:30.09,1501
00:03:30.09,1501
00:03:30.10,1743
00:03:30.16,1763
00:03:30.20,1502
00:03:30.35,1502
00:03:30.36,1747
00:03:30.41,1729
00:03:30.52,1502
00:03:30.55,1502
00:03:30.56,1501
00:03:30.61,1671
00:03:30.67,1724
00:03:30.78,1501
00:03:30.79,1501
00:03:30.83,1502
00:03:30.85,1501
00:03:30.87,1693
00:03:30.92,1704
00:03:31.07,1501
00:03:31.12,1673
00:03:31.16,1501
00:03:31.18,1612
00:03:31.31,1502
00:03:31.33,1501
00:03:31.38,1737
00:03:31.43,1642
00:03:31.63,1644
00:03:31.68,1649
00:03:31.78,1501
00:03:31.88,1687
00:03:31.94,1666
00:03:32.03,1502
00:03:32.08,1501
00:03:32.10,1501
00:03:32.11,1501
00:03:32.12,1501
00:03:32.13,1741
00:03:32.19,1659
00:03:32.21,1501
00:03:32.29,1502
00:03:32.39,1695
00:03:32.44,1747
00:03:32.58,1501
00:03:32.59,1501
00:03:32.60,1502
00:03:32.61,1502
00:03:32.62,1502
00:03:32.64,1643
00:03:32.66,1502
00:03:32.68,1502
00:03:32.70,1636
00:03:32.74,1501
00:03:32.80,1502
00:03:32.81,1501
00:03:32.81,1501
00:03:32.90,1741
00:03:32.95,1728
00:03:33.03,1502
00:03:33.15,1662
00:03:33.20,1688
00:03:33.32,1501
00:03:33.37,1502
00:03:33.38,1502
00:03:33.40,1636
00:03:33.45,1502
00:03:33.46,1655
00:03:33.60,1501
00:03:33.64,1501
00:03:33.66,1738
00:03:33.71,1703
00:03:33.85,1502
00:03:33.88,1501
00:03:33.91,1732
00:03:33.96,1676
00:03:34.07,1501
00:03:34.12,1501
00:03:34.16,1740
00:03:34.21,1705
00:03:34.29,1501
00:03:34.33,1501
00:03:34.33,1502
00:03:34.39,1507
00:03:34.40,1501
00:03:34.42,1698
00:03:34.47,1703
00:03:34.57,1501
00:03:34.62,1502
00:03:34.63,1501
00:03:34.67,1717
00:03:34.72,1746
00:03:34.78,1501
00:03:34.87,1502
00:03:34.88,1501
00:03:34.92,1679
00:03:34.97,1705
00:03:35.18,1671
00:03:35.23,1552
00:03:35.31,1502
00:03:35.33,1502
00:03:35.38,1501
00:03:35.43,1725
00:03:35.48,1691
00:03:35.55,1501
00:03:35.56,1501
00:03:35.57,1501
00:03:35.60,1502
00:03:35.68,1706
00:03:35.73,1708
00:03:35.94,1698
00:03:35.99,1509
00:03:36.11,1501
00:03:36.16,1501
00:03:36.17,1502
00:03:36.19,1501
00:03:36.19,1676
00:03:36.24,1687
00:03:36.27,1502
00:03:36.33,1501
00:03:36.34,1502
00:03:36.40,1502
00:03:36.42,1501
00:03:36.44,1728
00:03:36.49,1730
00:03:36.54,1501
00:03:36.61,1501
00:03:36.65,1501
00:03:36.67,1501
00:03:36.70,1721
00:03:36.75,1712
00:03:36.95,1522
00:03:37.00,1541
00:03:37.13,1501
00:03:37.13,1502
00:03:37.15,1502
00:03:37.20,1642
00:03:37.25,1637
00:03:37.31,1501
00:03:37.34,1502
00:03:37.36,1502
00:03:37.46,1721
00:03:37.51,1737
00:03:37.59,1501
00:03:37.71,1738
00:03:37.76,1714
00:03:37.80,1502
00:03:37.82,1502
00:03:37.87,1501
00:03:37.94,1501
00:03:37.96,1747
00:03:38.01,1728
00:03:38.11,1501
00:03:38.12,1501
00:03:38.13,1502
00:03:38.15,1501
00:03:38.15,1501
00:03:38.22,1708
00:03:38.27,1691
00:03:38.41,1502
00:03:38.42,1501
00:03:38.47,1713
00:03:38.52,1630
00:03:38.69,1501
00:03:38.71,1502
00:03:38.72,1662
00:03:38.77,1678
00:03:38.97,1735
00:03:39.02,1604
00:03:39.16,1501
00:03:39.23,1704
00:03:39.28,1683
00:03:39.39,1501
00:03:39.40,1501
00:03:39.42,1501
00:03:39.43,1501
00:03:39.47,1502
00:03:39.48,1706
00:03:39.53,1646
00:03:39.65,1502
00:03:39.73,1501
00:03:39.74,1715
00:03:39.77,1502
00:03:39.78,1502
00:03:39.78,1641
00:03:39.93,1501
00:03:39.95,1502
00:03:39.95,1502
00:03:39.99,1753
00:03:40.04,254
00:03:40.17,1501
00:03:40.21,1501
00:03:40.24,1741
00:03:40.29,1747
00:03:40.39,1501
00:03:40.42,1501
00:03:40.49,1746
00:03:40.54,1699
00:03:40.70,1502
00:03:40.71,1501
00:03:40.72,1501
00:03:40.74,1501
00:03:40.75,1662
00:03:40.80,1653
00:03:40.93,1502
00:03:40.96,1501
00:03:41.00,1736
00:03:41.05,1657
00:03:41.21,1501
00:03:41.24,1501
00:03:41.24,1501
00:03:41.25,1502
00:03:41.26,1676
00:03:41.30,1669
00:03:41.35,1501
00:03:41.51,1689
00:03:41.56,1727
00:03:41.61,1502
00:03:41.61,1501
00:03:41.65,1502
00:03:41.74,1501
00:03:41.74,1502
00:03:41.74,1501
00:03:41.75,1502
00:03:41.76,1744
00:03:41.81,1501
00:03:41.81,1751
00:03:41.92,1501
00:03:42.02,1725
00:03:42.07,1662
00:03:42.27,1589
00:03:42.32,1596
00:03:42.46,1502
00:03:42.47,1502
00:03:42.50,1501
00:03:42.52,1712
00:03:42.57,1684
00:03:42.67,1502
00:03:42.70,1502
00:03:42.77,1716
00:03:42.83,1718
00:03:42.96,1501
00:03:43.03,1703
00:03:43.08,1702
00:03:43.10,1501
00:03:43.13,1501
00:03:43.15,1502
00:03:43.21,1502
00:03:43.22,1501
00:03:43.23,1501
00:03:43.25,1502
00:03:43.27,1501
00:03:43.28,1705
00:03:43.33,1744
00:03:43.44,1501
00:03:43.50,1502
00:03:43.52,1501
00:03:43.53,1679
00:03:43.56,1501
00:03:43.59,1729
00:03:43.77,1502
00:03:43.79,1723
00:03:43.84,1694
00:03:43.92,1501
00:03:44.04,1713
00:03:44.09,1740
00:03:44.14,1501
00:03:44.17,1502
00:03:44.18,1502
00:03:44.25,1502
00:03:44.29,1718
00:03:44.35,1732
00:03:44.52,1501
00:03:44.55,1650
00:03:44.58,1501
00:03:44.60,1622
00:03:44.68,1501
00:03:44.72,1501
00:03:44.75,1502
00:03:44.77,1501
00:03:44.81,1752
00:03:44.85,1678
00:03:44.88,1502
00:03:44.97,1501
00:03:44.97,1502
00:03:44.98,1501
00:03:45.02,1502
00:03:45.06,1745
00:03:45.10,1502
00:03:45.11,1752
00:03:45.20,1502
00:03:45.24,1501
00:03:45.31,1723
00:03:45.36,1725
00:03:45.41,1501
00:03:45.47,1501
00:03:45.50,1502
00:03:45.51,1501
00:03:45.54,1501
00:03:45.57,1682
00:03:45.61,1705
00:03:45.74,1501
00:03:45.78,1501
00:03:45.81,1501
00:03:45.82,1502
00:03:45.82,1669
00:03:45.87,1670
00:03:46.00,1501
00:03:46.07,1752
00:03:46.12,1701
00:03:46.16,1502
00:03:46.20,1501
00:03:46.31,1501
00:03:46.33,1741
00:03:46.39,1768
00:03:46.58,1645
00:03:46.61,1502
00:03:46.63,1501
00:03:46.64,1552
00:03:46.71,1501
00:03:46.73,1502
00:03:46.83,1502
00:03:46.83,1735
00:03:46.89,1721
00:03:46.94,1501
00:03:47.06,1502
00:03:47.07,1501
00:03:47.08,1502
00:03:47.09,1710
00:03:47.13,1502
00:03:47.15,1720
00:03:47.25,1501
00:03:47.34,1717
00:03:47.40,1654
00:03:47.44,1502
00:03:47.47,1501
00:03:47.47,1501
00:03:47.59,1716
00:03:47.65,1722
00:03:47.72,1502
00:03:47.75,1502
00:03:47.81,1501
00:03:47.85,1711
00:03:47.89,1501
00:03:47.90,1737
00:03:47.92,1501
00:03:47.95,1501
00:03:47.96,1501
00:03:48.03,1501
00:03:48.08,1502
00:03:48.10,1501
00:03:48.10,1709
00:03:48.16,1740
00:03:48.35,1749
00:03:48.40,1501
00:03:48.41,1610
00:03:48.59,1502
00:03:48.59,1501
00:03:48.61,1713
00:03:48.65,1501
00:03:48.66,1633
00:03:48.71,1501
00:03:48.86,1741
00:03:48.92,1741
00:03:49.00,1501
00:03:49.02,1501
00:03:49.03,1501
00:03:49.07,1502
00:03:49.11,1663
00:03:49.17,1699
00:03:49.37,1742
00:03:49.40,1501
00:03:49.42,1502
00:03:49.42,1705
00:03:49.53,1502
00:03:49.62,1729
00:03:49.65,1501
00:03:49.67,1677
00:03:49.75,1502
00:03:49.83,1501
00:03:49.84,1501
00:03:49.87,1502
00:03:49.87,1739
00:03:49.93,1700
00:03:49.94,1501
00:03:50.13,1726
00:03:50.17,1502
00:03:50.18,1501
00:03:50.18,1755
00:03:50.25,1502
00:03:50.33,1502
00:03:50.38,1501
00:03:50.38,1734
00:03:50.43,1501
00:03:50.44,1741
00:03:50.54,1502
00:03:50.58,1502
00:03:50.59,1501
00:03:50.64,1751
00:03:50.70,1707
00:03:50.84,1502
00:03:50.88,1502
00:03:50.89,1675
00:03:50.90,1502
00:03:50.95,1622
00:03:51.06,1502
00:03:51.06,1502
00:03:51.10,1501
00:03:51.14,1744
00:03:51.20,1702
00:03:51.33,1502
00:03:51.40,1750
00:03:51.46,1740
00:03:51.58,1501
00:03:51.60,1501
00:03:51.65,1706
00:03:51.71,1718
00:03:51.83,1501
00:03:51.88,1502
00:03:51.90,1502
00:03:51.90,1747
00:03:51.96,1633
00:03:51.97,1501
00:03:51.99,1501
00:03:52.00,1502
00:03:52.09,1501
00:03:52.13,1501
00:03:52.16,1692
00:03:52.21,1749
00:03:52.30,1501
00:03:52.31,1501
00:03:52.40,1501
00:03:52.41,1675
00:03:52.47,1697
00:03:52.49,1501
00:03:52.55,1501
00:03:52.66,1696
00:03:52.72,1736
00:03:52.92,1683
00:03:52.97,1577
00:03:53.17,1692
00:03:53.18,1501
00:03:53.23,1683
00:03:53.36,1501
00:03:53.42,1743
00:03:53.43,1501
00:03:53.48,1692
00:03:53.59,1501
00:03:53.66,1501
00:03:53.68,1751
00:03:53.69,1502
00:03:53.73,1501
00:03:53.74,1701
00:03:53.81,1501
00:03:53.81,1501
00:03:53.91,1501
00:03:53.91,1501
00:03:53.93,1755
00:03:53.99,1753
00:03:54.04,1502
00:03:54.07,1501
00:03:54.10,1501
00:03:54.13,1502
00:03:54.15,1501
00:03:54.18,1676
00:03:54.24,1722
00:03:54.27,1501
00:03:54.28,1501
00:03:54.44,1681
00:03:54.50,1738
00:03:54.59,1501
00:03:54.69,1744
00:03:54.75,1711
00:03:54.83,1501
00:03:54.88,1501
00:03:54.91,1501
00:03:54.93,1501
00:03:54.94,1653
00:03:55.00,1685
00:03:55.13,1501
00:03:55.14,1502
00:03:55.17,1501
00:03:55.18,1502
00:03:55.20,1751
00:03:55.26,1648
00:03:55.37,1502
00:03:55.40,1501
00:03:55.45,1684
00:03:55.51,1677
00:03:55.56,1501
00:03:55.56,1501
00:03:55.60,1501
00:03:55.66,1501
00:03:55.69,1501
00:03:55.70,1502
00:03:55.70,1684
00:03:55.76,1734
00:03:55.80,1502
00:03:55.96,1669
00:03:56.02,1727
00:03:56.21,1605
00:03:56.27,1651
00:03:56.33,1501
00:03:56.37,1501
00:03:56.39,1501
00:03:56.46,1750
00:03:56.52,1501
00:03:56.53,1705
00:03:56.69,1502
00:03:56.72,1741
00:03:56.77,1501
00:03:56.78,1714
00:03:56.86,1501
00:03:56.92,1502
00:03:56.92,1501
00:03:56.97,1717
00:03:57.03,1687
00:03:57.08,1509
00:03:57.14,1501
00:03:57.15,1501
00:03:57.16,1502
00:03:57.17,1502
00:03:57.22,1718
00:03:57.29,1501
00:03:57.29,1732
00:03:57.31,1501
00:03:57.34,1501
00:03:57.36,1501
00:03:57.48,1741
00:03:57.54,1745
00:03:57.72,1501
00:03:57.73,1502
00:03:57.73,1596
00:03:57.79,1594
00:03:57.90,1502
00:03:57.99,1715
00:03:58.05,1702
00:03:58.21,1502
00:03:58.23,1502
00:03:58.24,1683
00:03:58.31,1681
00:03:58.35,1501
00:03:58.46,1502
00:03:58.49,1677
00:03:58.51,1502
00:03:58.56,1724
00:03:58.66,1501
00:03:58.67,1501
00:03:58.69,1501
00:03:58.74,1740
00:03:58.81,1719
00:03:58.82,1501
00:03:58.85,1502
00:03:58.87,1501
00:03:58.90,1501
00:03:58.91,1502
00:03:58.94,1501
00:03:59.00,1742
00:03:59.05,1501
00:03:59.07,1751
00:03:59.25,1724
00:03:59.29,1501
00:03:59.32,1501
00:03:59.32,1562
00:03:59.47,1502
00:03:59.51,1726
00:03:59.58,1698
00:03:59.71,1501
00:03:59.76,1714
00:03:59.83,1721
00:04:00.00,1501
00:04:00.00,1501
00:04:00.01,1676
00:04:00.03,1502
00:04:00.08,1502
00:04:00.08,1697
00:04:00.11,1502
00:04:00.17,1501
00:04:00.18,1501
00:04:00.23,1502
00:04:00.26,1741
00:04:00.31,1501
00:04:00.32,1502
00:04:00.34,1729
00:04:00.43,1501
00:04:00.43,1501
00:04:00.52,1742
00:04:00.53,1501
00:04:00.56,1502
00:04:00.59,1684
00:04:00.69,1501
00:04:00.77,1753
00:04:00.84,1748
00:04:01.02,1635
00:04:01.10,1642
00:04:01.22,1501
00:04:01.28,1701
00:04:01.35,1730
00:04:01.53,1665
00:04:01.60,1648
00:04:01.78,1598
00:04:01.82,1502
00:04:01.85,1501
00:04:01.86,1571
00:04:01.97,1502
00:04:02.03,1502
00:04:02.04,1726
00:04:02.11,1754
00:04:02.29,1601
00:04:02.36,1558
00:04:02.41,1501
00:04:02.49,1502
00:04:02.54,1696
00:04:02.58,1501
00:04:02.62,1710
00:04:02.74,1501
00:04:02.80,1501
00:04:02.83,1777
00:04:02.88,1754
00:04:03.07,1501
00:04:03.09,1717
00:04:03.14,1678
00:04:03.24,1502
00:04:03.34,1680
00:04:03.39,1714
00:04:03.59,1663
00:04:03.65,1690
00:04:03.79,1501
00:04:03.84,1670
00:04:03.92,1706
00:04:04.10,1443
00:04:04.18,1500
00:04:04.28,1502
00:04:04.35,1652
00:04:04.42,1501
00:04:04.43,1502
00:04:04.43,1666
00:04:04.48,1502
00:04:04.57,1502
00:04:04.61,1691
00:04:04.69,1740
00:04:04.73,1501
00:04:04.84,1501
00:04:04.86,1641
00:04:04.93,1502
00:04:04.94,1722
00:04:04.95,1501
00:04:05.02,1501
00:04:05.04,1501
00:04:05.07,1501
00:04:05.10,1501
00:04:05.11,1717
00:04:05.18,1502
00:04:05.19,1753
00:04:05.33,1502
00:04:05.37,1730
00:04:05.45,1720
00:04:05.55,1502
00:04:05.56,1502
00:04:05.62,1674
00:04:05.66,1501
00:04:05.70,1704
00:04:05.75,1501
00:04:05.79,1501
00:04:05.87,1739
00:04:05.95,1705
00:04:06.02,1502
00:04:06.06,1501
00:04:06.13,1700
00:04:06.18,1501
00:04:06.21,1697
00:04:06.26,1502
00:04:06.26,1501
00:04:06.35,1501
00:04:06.38,1714
00:04:06.40,1501
00:04:06.46,1737
00:04:06.59,1501
00:04:06.60,1502
00:04:06.63,1752
00:04:06.71,1740
00:04:06.76,1501
00:04:06.80,1501
00:04:06.80,1501
00:04:06.83,1501
00:04:06.86,1501
00:04:06.88,1729
00:04:06.97,1713
00:04:07.14,1653
00:04:07.20,1501
00:04:07.22,1501
00:04:07.22,1695
00:04:07.35,1501
00:04:07.35,1501
00:04:07.39,1702
00:04:07.47,1659
00:04:07.54,1501
00:04:07.55,1502
00:04:07.60,1501
00:04:07.64,1666
00:04:07.73,1703
00:04:07.85,1502
00:04:07.90,1698
00:04:07.96,1502
00:04:07.98,1677
00:04:08.07,1506
00:04:08.10,1501
00:04:08.11,1501
00:04:08.15,1705
00:04:08.22,1501
00:04:08.23,1502
00:04:08.24,1747
00:04:08.36,1501
00:04:08.39,1502
00:04:08.40,1737
00:04:08.46,1501
00:04:08.49,1717
00:04:08.66,1707
00:04:08.74,1706
00:04:08.79,1501
00:04:08.81,1501
00:04:08.84,1501
00:04:08.86,1501
00:04:08.88,1502
00:04:08.91,1692
00:04:08.99,1719
00:04:09.02,1502
00:04:09.16,1723
00:04:09.25,1739
00:04:09.29,1501
00:04:09.34,1501
00:04:09.37,1501
00:04:09.37,1501
00:04:09.42,1708
00:04:09.50,1735
00:04:09.66,1501
00:04:09.67,1501
00:04:09.67,1602
00:04:09.75,1685
00:04:09.92,1719
00:04:10.00,1502
00:04:10.01,1549
00:04:10.07,1501
00:04:10.07,1501
00:04:10.08,1502
00:04:10.09,1501
00:04:10.12,1501
00:04:10.18,1699
00:04:10.26,1736
00:04:10.34,1501
00:04:10.35,1501
00:04:10.38,1501
00:04:10.38,1502
00:04:10.43,1689
00:04:10.46,1502
00:04:10.46,1501
00:04:10.49,1501
00:04:10.51,1688
00:04:10.60,1501
00:04:10.68,1745
00:04:10.77,1736
00:04:10.86,1502
00:04:10.89,1502
00:04:10.92,1501
00:04:10.94,1698
00:04:11.02,1720
00:04:11.13,1502
00:04:11.19,1502
00:04:11.19,1695
00:04:11.27,1714
00:04:11.33,1501
00:04:11.44,1713
00:04:11.53,1716
00:04:11.62,1501
00:04:11.64,1501
00:04:11.70,1611
00:04:11.78,1680
00:04:11.91,1501
00:04:11.94,1501
00:04:11.95,1703
00:04:12.03,1689
00:04:12.04,1501
00:04:12.08,1501
00:04:12.09,1502
00:04:12.09,1501
00:04:12.13,1501
00:04:12.16,1502
00:04:12.20,1714
00:04:12.29,1752
00:04:12.39,1502
00:04:12.46,1501
00:04:12.46,1701
00:04:12.54,1726
00:04:12.70,1501
00:04:12.71,1740
00:04:12.76,1501
00:04:12.78,1501
00:04:12.80,1753
00:04:12.81,1501
00:04:12.83,1502
00:04:12.88,1505
00:04:12.88,1505
00:04:12.88,1501
00:04:12.96,1728
00:04:13.05,1755
00:04:13.12,1501
00:04:13.20,1502
00:04:13.21,1501
00:04:13.21,1685
00:04:13.26,1501
00:04:13.28,1501
00:04:13.30,1698
00:04:13.47,1734
00:04:13.56,1736
00:04:13.64,1501
00:04:13.65,1501
00:04:13.67,1501
00:04:13.73,1722
00:04:13.76,1501
00:04:13.77,1502
00:04:13.81,1693
00:04:13.95,1502
00:04:13.98,1750
00:04:14.06,1747
00:04:14.17,1501
00:04:14.17,1502
00:04:14.18,1502
00:04:14.21,1501
00:04:14.24,1502
00:04:14.24,1710
00:04:14.30,1502
00:04:14.30,1501
00:04:14.32,1711
00:04:14.34,1502
00:04:14.35,1501
00:04:14.37,1502
00:04:14.40,1501
00:04:14.41,1501
00:04:14.42,1501
00:04:14.44,1501
00:04:14.47,1501
00:04:14.49,1720
00:04:14.57,1501
00:04:14.57,1734
00:04:14.75,1689
00:04:14.82,1735
00:04:14.84,1501
00:04:14.85,1501
00:04:14.92,1502
00:04:14.96,1502
00:04:15.00,1502
00:04:15.00,1731
00:04:15.05,1502
00:04:15.08,1746
00:04:15.09,1501
00:04:15.13,1523
00:04:15.13,1504
00:04:15.16,1502
00:04:15.23,1502
00:04:15.25,1502
00:04:15.25,1739
00:04:15.33,1759
00:04:15.37,1501
00:04:15.39,1502
00:04:15.46,1501
00:04:15.51,1698
00:04:15.59,1720
00:04:15.69,1501
00:04:15.70,1501
00:04:15.76,1713
00:04:15.83,1501
00:04:15.84,1501
00:04:15.84,1674
00:04:15.98,1502
00:04:16.01,1502
00:04:16.01,1710
00:04:16.11,1737
00:04:16.27,1501
00:04:16.27,1709
00:04:16.36,1730
00:04:16.52,1645
00:04:16.61,1617
00:04:16.65,1501
00:04:16.73,1502
00:04:16.76,1502
00:04:16.77,1675
00:04:16.84,1502
00:04:16.87,1736
00:04:16.88,1501
00:04:16.89,1501
00:04:16.90,1501
00:04:16.91,1501
00:04:16.96,1502
00:04:17.02,1502
00:04:17.02,1502
00:04:17.03,1728
00:04:17.05,1502
00:04:17.07,1501
00:04:17.11,1501
00:04:17.12,1744
00:04:17.19,1501
00:04:17.27,1501
00:04:17.28,1753
00:04:17.30,1502
00:04:17.32,1501
00:04:17.34,1501
00:04:17.34,1501
00:04:17.37,1702
00:04:17.38,1502
00:04:17.45,1502
00:04:17.51,1501
00:04:17.52,1502
00:04:17.53,1748
00:04:17.63,1756
00:04:17.69,1501
00:04:17.73,1501
00:04:17.79,1675
00:04:17.89,1717
00:04:18.02,1501
00:04:18.04,1653
00:04:18.07,1502
00:04:18.11,1502
00:04:18.12,1502
00:04:18.14,1502
00:04:18.14,1691
00:04:18.24,1501
00:04:18.26,1501
00:04:18.26,1501
00:04:18.30,1747
00:04:18.40,1713
00:04:18.47,1501
00:04:18.48,1501
00:04:18.55,1622
00:04:18.59,1501
00:04:18.62,1501
00:04:18.65,1705
00:04:18.79,1501
00:04:18.80,1723
00:04:18.90,1716
00:04:18.97,1502
00:04:19.04,1501
00:04:19.06,1698
00:04:19.16,1689
00:04:19.20,1501
00:04:19.23,1501
00:04:19.24,1502
00:04:19.26,1501
00:04:19.26,1502
00:04:19.28,1502
00:04:19.29,1502
00:04:19.31,1681
00:04:19.35,1501
00:04:19.42,1732
00:04:19.49,1502
00:04:19.55,1502
00:04:19.56,1736
00:04:19.63,1501
00:04:19.67,1691
00:04:19.82,1753
00:04:19.93,1745
00:04:20.02,1501
00:04:20.04,1502
00:04:20.07,1656
00:04:20.18,1753
00:04:20.24,1501
00:04:20.28,1501
00:04:20.32,1679
00:04:20.40,1502
00:04:20.43,1701
00:04:20.56,1501
00:04:20.58,1712
00:04:20.64,1502
00:04:20.69,1710
00:04:20.77,1502
00:04:20.83,1725
00:04:20.88,1502
00:04:20.90,1501
00:04:20.94,1501
00:04:20.94,1501
00:04:20.94,1708
00:04:20.96,1502
00:04:20.96,1501
00:04:20.99,1502
00:04:21.01,1502
00:04:21.06,1501
00:04:21.07,1501
00:04:21.08,1752
00:04:21.16,1501
00:04:21.19,1742
00:04:21.34,1752
00:04:21.45,1691
00:04:21.53,1501
00:04:21.59,1625
00:04:21.70,1715
00:04:21.85,1740
00:04:21.95,1501
00:04:21.95,1621
00:04:22.10,1718
00:04:22.21,1591
00:04:22.26,1501
00:04:22.35,1705
00:04:22.37,1501
00:04:22.38,1501
00:04:22.46,1750
00:04:22.50,1501
00:04:22.52,1501
00:04:22.54,1501
00:04:22.54,1501
00:04:22.57,1502
00:04:22.58,1502
00:04:22.61,1751
00:04:22.64,1501
00:04:22.65,1501
00:04:22.71,1747
00:04:22.77,1501
00:04:22.77,1501
00:04:22.82,1502
00:04:22.82,1501
00:04:22.86,1724
00:04:22.97,1733
00:04:23.02,1502
00:04:23.03,1502
00:04:23.03,1501
00:04:23.11,1733
00:04:23.18,1501
00:04:23.19,1501
00:04:23.22,1716
00:04:23.37,1700
00:04:23.39,1502
00:04:23.46,1501
00:04:23.47,1639
00:04:23.62,1748
00:04:23.67,1501
00:04:23.73,1501
00:04:23.73,1659
00:04:23.75,1501
00:04:23.84,1501
00:04:23.88,1722
00:04:23.92,1502
00:04:23.98,1501
00:04:23.98,1753
00:04:24.01,1502
00:04:24.03,1501
00:04:24.04,1501
00:04:24.09,1501
00:04:24.10,1502
00:04:24.13,1725
00:04:24.21,1501
00:04:24.23,1737
00:04:24.39,1682
00:04:24.49,1487
00:04:24.57,1501
00:04:24.64,1501
00:04:24.64,1635
00:04:24.74,1733
00:04:24.81,1502
00:04:24.89,1660
00:04:24.99,1704
00:04:25.12,1502
00:04:25.15,1709
00:04:25.25,1669
00:04:25.40,1627
00:04:25.50,1504
00:04:25.54,1501
00:04:25.65,1501
00:04:25.66,1659
00:04:25.69,1503
00:04:25.72,1502
00:04:25.73,1502
00:04:25.75,1502
00:04:25.75,1502
00:04:25.75,1744
00:04:25.80,1501
00:04:25.83,1501
00:04:25.88,1502
00:04:25.89,1501
00:04:25.91,1754
00:04:26.00,1502
00:04:26.01,1712
00:04:26.16,1743
00:04:26.26,1728
00:04:26.29,1501
00:04:26.39,1502
00:04:26.42,1675
00:04:26.51,1501
00:04:26.51,1743
00:04:26.62,1501
00:04:26.65,1501
00:04:26.67,1750
00:04:26.68,1501
00:04:26.73,1501
00:04:26.77,1701
00:04:26.79,1501
00:04:26.80,1501
00:04:26.83,1501
00:04:26.85,1501
00:04:26.86,1502
00:04:26.89,1501
00:04:26.89,1501
00:04:26.92,1752
00:04:27.02,1748
00:04:27.08,1501
00:04:27.14,1501
00:04:27.15,1501
00:04:27.16,1501
00:04:27.18,1676
00:04:27.26,1502
00:04:27.27,1706
00:04:27.29,1502
00:04:27.29,1501
00:04:27.32,1502
00:04:27.41,1501
00:04:27.43,1744
00:04:27.53,1747
00:04:27.68,1501
00:04:27.68,1752
00:04:27.78,1600
00:04:27.92,1501
00:04:27.94,1697
00:04:28.03,1677
00:04:28.05,1501
00:04:28.08,1502
00:04:28.18,1501
00:04:28.19,1699
00:04:28.29,1743
00:04:28.43,1502
00:04:28.43,1502
00:04:28.44,1557
00:04:28.54,1631
00:04:28.60,1502
00:04:28.60,1501
00:04:28.69,1627
00:04:28.70,1502
00:04:28.76,1502
00:04:28.79,1719
00:04:28.87,1501
00:04:28.91,1501
00:04:28.95,1754
00:04:28.97,1501
00:04:28.98,1501
00:04:29.00,1501
00:04:29.00,1501
00:04:29.04,1502
00:04:29.06,1753
00:04:29.10,1501
00:04:29.11,1501
00:04:29.14,1502
00:04:29.21,1502
00:04:29.21,1763
00:04:29.24,1502
00:04:29.24,1501
00:04:29.31,1743
00:04:29.47,1746
00:04:29.56,1501
00:04:29.57,1731
00:04:29.64,1501
00:04:29.72,1664
00:04:29.82,1691
00:04:29.97,1448
00:04:30.07,1507
00:04:30.11,1501
00:04:30.13,1501
00:04:30.15,1501
00:04:30.18,1501
00:04:30.23,1656
00:04:30.27,1502
00:04:30.31,1502
00:04:30.32,1502
00:04:30.33,1738
00:04:30.34,1501
00:04:30.37,1502
00:04:30.46,1501
00:04:30.46,1501
00:04:30.48,1741
00:04:30.52,1501
00:04:30.53,1502
00:04:30.55,1501
00:04:30.56,1501
00:04:30.57,1502
00:04:30.58,1754
00:04:30.64,1501
00:04:30.64,1501
00:04:30.73,1724
00:04:30.83,1736
00:04:30.86,1501
00:04:30.90,1501
00:04:30.97,1528
00:04:30.97,1502
00:04:30.99,1697
00:04:31.08,1729
00:04:31.10,1501
00:04:31.11,1501
00:04:31.13,1501
00:04:31.17,1501
00:04:31.21,1501
00:04:31.22,1501
00:04:31.22,1501
00:04:31.23,1501
00:04:31.24,1704
00:04:31.34,1750
00:04:31.47,1502
00:04:31.49,1647
00:04:31.59,1646
00:04:31.65,1501
00:04:31.67,1501
00:04:31.70,1502
00:04:31.75,1682
00:04:31.87,1757
00:04:32.00,1724
00:04:32.03,1502
00:04:32.03,1502
00:04:32.06,1501
00:04:32.11,1501
00:04:32.12,1715
00:04:32.14,1501
00:04:32.16,1501
00:04:32.25,1748
00:04:32.37,1750
00:04:32.51,1719
00:04:32.67,1501
00:04:32.69,1501
00:04:32.71,1501
00:04:32.73,1502
00:04:32.76,1685
00:04:32.77,1771
00:04:32.79,1502
00:04:32.82,1501
00:04:32.84,1501
00:04:32.87,1501
00:04:32.89,1502
00:04:32.92,1501
00:04:32.94,1502
00:04:32.94,1502
00:04:32.96,1501
00:04:32.97,1501
00:04:33.01,1755
00:04:33.03,1754
00:04:33.22,1501
00:04:33.27,1619
00:04:33.28,1600
00:04:33.39,1501
00:04:33.41,1502
00:04:33.41,1501
00:04:33.45,1502
00:04:33.50,1501
00:04:33.51,1501
00:04:33.52,1706
00:04:33.53,1663
00:04:33.78,1645
00:04:33.79,1635
00:04:33.89,1502
00:04:33.91,1502
00:04:33.97,1501
00:04:33.97,1501
00:04:34.03,1660
00:04:34.04,1663
00:04:34.04,1501
00:04:34.09,1501
00:04:34.20,1501
00:04:34.28,1745
00:04:34.29,1753
00:04:34.41,1502
00:04:34.45,1501
00:04:34.47,1501
00:04:34.48,1502
00:04:34.52,1501
00:04:34.53,1740
00:04:34.55,1661
00:04:34.62,1501
00:04:34.66,1502
00:04:34.69,1501
00:04:34.74,1501
00:04:34.79,1740
00:04:34.80,1701
00:04:34.91,1501
00:04:35.04,1725
00:04:35.05,1724
00:04:35.29,1688
00:04:35.31,1671
00:04:35.46,1502
00:04:35.52,1533
00:04:35.55,1724
00:04:35.56,1644
00:04:35.62,1501
00:04:35.68,1502
00:04:35.79,1502
00:04:35.80,1754
00:04:35.81,1746
00:04:35.87,1501
00:04:35.93,1501
00:04:35.94,1501
00:04:35.95,1501
00:04:35.96,1501
00:04:35.97,1502
00:04:35.98,1501
00:04:36.04,1502
00:04:36.05,1501
00:04:36.06,1705
00:04:36.06,1714
00:04:36.10,1501
00:04:36.15,1501
00:04:36.16,1501
00:04:36.23,1501
00:04:36.25,1501
00:04:36.26,1501
00:04:36.31,1737
00:04:36.32,1721
00:04:36.54,1501
00:04:36.54,1501
00:04:36.56,1501
00:04:36.56,1705
00:04:36.57,1573
00:04:36.82,1740
00:04:36.83,1690
00:04:36.98,1516
00:04:37.07,1663
00:04:37.08,1667
00:04:37.14,1501
00:04:37.18,1501
00:04:37.19,1501
00:04:37.24,1501
00:04:37.27,1501
00:04:37.28,1502
00:04:37.32,1737
00:04:37.33,1703
00:04:37.46,1501
00:04:37.47,1501
00:04:37.48,1502
00:04:37.51,1502
00:04:37.58,1664
00:04:37.58,1654
00:04:37.69,1502
00:04:37.76,1501
00:04:37.77,1502
00:04:37.80,1501
00:04:37.82,1501
00:04:37.83,1730
00:04:37.84,1691
00:04:37.95,1501
00:04:37.95,1501
00:04:37.95,1501
00:04:38.00,1501
00:04:38.04,1501
00:04:38.08,1754
00:04:38.09,1656
00:04:38.20,1502
00:04:38.27,1502
00:04:38.28,1502
00:04:38.34,1710
00:04:38.34,1683
00:04:38.50,1501
00:04:38.52,1501
00:04:38.59,1720
00:04:38.60,1614
00:04:38.64,1501
00:04:38.69,1501
00:04:38.71,1501
00:04:38.77,1502
00:04:38.78,1501
00:04:38.81,1501
00:04:38.83,1502
00:04:38.84,1744
00:04:38.85,1715
00:04:38.97,1501
00:04:39.00,1501
00:04:39.10,1750
00:04:39.10,1696
00:04:39.23,1501
00:04:39.35,1693
00:04:39.36,1699
00:04:39.47,1501
00:04:39.49,1501
00:04:39.60,1502
00:04:39.60,1705
00:04:39.61,1653
00:04:39.76,1501
00:04:39.86,1720
00:04:39.86,1602
00:04:39.97,1502
00:04:39.99,1501
00:04:40.02,1501
00:04:40.13,1664
00:04:40.13,1739
00:04:40.21,1502
00:04:40.27,1501
00:04:40.30,1502
00:04:40.32,1501
00:04:40.33,1501
00:04:40.35,1501
00:04:40.37,1501
00:04:40.38,1778
00:04:40.38,1689
00:04:40.48,1501
00:04:40.50,1502
00:04:40.57,1501
00:04:40.58,1502
00:04:40.60,1501
00:04:40.60,1501
00:04:40.64,1746
00:04:40.64,1686
00:04:40.70,1501
00:04:40.72,1501
00:04:40.82,1502
00:04:40.82,1501
00:04:40.83,1502
00:04:40.86,1501
00:04:40.86,1501
00:04:40.89,1501
00:04:40.89,1753
00:04:40.89,1742
00:04:41.04,1501
00:04:41.10,1501
00:04:41.11,1501
00:04:41.12,1501
00:04:41.13,1501
00:04:41.14,1747
00:04:41.14,1653
00:04:41.30,1501
00:04:41.35,1501
00:04:41.40,1676
00:04:41.40,1621
00:04:41.53,1502
00:04:41.54,1501
00:04:41.56,1501
00:04:41.57,1501
00:04:41.63,1502
00:04:41.64,1505
00:04:41.65,1639
00:04:41.65,1633
00:04:41.76,1501
00:04:41.77,1502
00:04:41.90,1656
00:04:41.90,1724
00:04:41.99,1501
00:04:41.99,1501
00:04:42.06,1502
00:04:42.06,1501
00:04:42.10,1502
00:04:42.13,1501
00:04:42.16,1742
00:04:42.16,1670
00:04:42.20,1501
00:04:42.22,1501
00:04:42.27,1501
00:04:42.30,1501
00:04:42.30,1501
00:04:42.32,1501
00:04:42.36,1501
00:04:42.39,1502
00:04:42.41,1732
00:04:42.41,1746
00:04:42.59,1502
00:04:42.62,1501
00:04:42.67,1697
00:04:42.67,1719
00:04:42.82,1501
00:04:42.89,1502
00:04:42.90,1501
00:04:42.92,1663
00:04:42.92,1612
00:04:43.12,1501
00:04:43.15,1502
00:04:43.17,1596
00:04:43.17,1607
00:04:43.28,1501
00:04:43.30,1501
00:04:43.39,1502
00:04:43.43,1735
00:04:43.43,1726
00:04:43.51,1502
00:04:43.51,1502
00:04:43.52,1502
00:04:43.56,1501
00:04:43.68,1700
00:04:43.68,1742
00:04:43.76,1501
00:04:43.77,1501
00:04:43.92,1501
00:04:43.93,1727
00:04:43.93,1738
00:04:44.04,1501
00:04:44.05,1501
00:04:44.12,1501
00:04:44.12,1501
00:04:44.13,1501
00:04:44.15,1502
00:04:44.18,1501
00:04:44.19,1736
00:04:44.19,1710
00:04:44.24,1501
00:04:44.26,1501
00:04:44.26,1502
00:04:44.26,1501
00:04:44.26,1502
00:04:44.28,1502
00:04:44.29,1501
00:04:44.35,1501
00:04:44.38,1502
00:04:44.44,1709
00:04:44.44,1743
00:04:44.56,1502
00:04:44.61,1502
00:04:44.64,1502
00:04:44.67,1502
00:04:44.69,1672
00:04:44.69,1647
00:04:44.79,1501
00:04:44.81,1502
00:04:44.95,1728
00:04:44.95,1691
00:04:45.05,1502
00:04:45.13,1502
00:04:45.14,1501
00:04:45.20,1709
00:04:45.20,1685
00:04:45.38,1501
00:04:45.43,1501
00:04:45.45,1727
00:04:45.45,1723
00:04:45.65,1501
00:04:45.68,1502
00:04:45.69,1501
00:04:45.71,1640
00:04:45.71,1607
00:04:45.93,1501
00:04:45.96,1621
00:04:45.96,1599
00:04:46.21,1534
00:04:46.21,1475
00:04:46.32,1501
00:04:46.33,1501
00:04:46.33,1502
00:04:46.33,1502
00:04:46.34,1502
00:04:46.36,1502
00:04:46.39,1501
00:04:46.40,1501
00:04:46.40,1501
00:04:46.44,1518
00:04:46.44,1518
00:04:46.47,1726
00:04:46.47,1666
00:04:46.60,1501
00:04:46.62,1502
00:04:46.63,1501
00:04:46.63,1502
00:04:46.65,1501
00:04:46.71,1501
00:04:46.71,1501
00:04:46.72,1710
00:04:46.72,1662
00:04:46.78,1501
00:04:46.83,1502
00:04:46.95,1502
00:04:46.97,1501
00:04:46.97,1753
00:04:46.97,1735
00:04:47.21,1501
00:04:47.22,1697
00:04:47.23,1569
00:04:47.30,1501
00:04:47.30,1501
00:04:47.31,1502
00:04:47.34,1501
00:04:47.39,1502
00:04:47.40,1501
00:04:47.48,1730
00:04:47.48,1725
00:04:47.56,1501
00:04:47.57,1501
00:04:47.60,1502
00:04:47.66,1501
00:04:47.67,1502
00:04:47.68,1501
00:04:47.71,1501
00:04:47.74,1704
00:04:47.74,1763
00:04:47.81,1501
00:04:47.81,1502
00:04:47.84,1501
00:04:47.95,1501
00:04:47.95,1501
00:04:48.00,1725
00:04:48.00,1694
00:04:48.11,1502
00:04:48.16,1501
00:04:48.19,1501
00:04:48.23,1502
00:04:48.25,1739
00:04:48.25,1726
00:04:48.37,1501
00:04:48.41,1501
00:04:48.50,1680
00:04:48.50,1652
00:04:48.60,1501
00:04:48.60,1501
00:04:48.62,1501
00:04:48.66,1502
00:04:48.66,1501
00:04:48.66,1502
00:04:48.67,1501
00:04:48.73,1501
00:04:48.75,1668
00:04:48.76,1667
00:04:48.95,1502
00:04:48.97,1501
00:04:48.98,1501
00:04:49.01,1593
00:04:49.01,1560
00:04:49.12,1502
00:04:49.22,1501
00:04:49.26,1501
00:04:49.26,1726
00:04:49.26,1692
00:04:49.32,1501
00:04:49.37,1501
00:04:49.40,1501
00:04:49.44,1501
00:04:49.46,1502
00:04:49.47,1502
00:04:49.51,1501
00:04:49.51,1748
00:04:49.52,1719
00:04:49.60,1501
00:04:49.63,1502
00:04:49.64,1501
00:04:49.64,1501
00:04:49.64,1501
00:04:49.76,1504
00:04:49.77,1686
00:04:49.77,1745
00:04:49.85,1501
00:04:49.89,1501
00:04:49.90,1502
00:04:49.96,1501
00:04:49.98,1502
00:04:50.03,1694
00:04:50.03,1692
00:04:50.11,1501
00:04:50.13,1502
00:04:50.15,1502
00:04:50.18,1501
00:04:50.22,1501
00:04:50.28,1745
00:04:50.28,1697
00:04:50.54,1661
00:04:50.54,1542
00:04:50.63,1501
00:04:50.73,1501
00:04:50.77,1501
00:04:50.79,1708
00:04:50.79,1705
00:04:50.94,1501
00:04:50.96,1501
00:04:50.98,1501
00:04:51.03,1501
00:04:51.06,1734
00:04:51.06,1638
00:04:51.13,1501
00:04:51.17,1501
00:04:51.27,1502
00:04:51.31,1708
00:04:51.31,1693
00:04:51.42,1501
00:04:51.44,1501
00:04:51.47,1501
00:04:51.56,1501
00:04:51.56,1684
00:04:51.56,1677
00:04:51.68,1501
00:04:51.74,1501
00:04:51.82,1746
00:04:51.82,1673
00:04:51.91,1501
00:04:51.92,1502
00:04:51.93,1501
00:04:51.95,1501
00:04:51.98,1501
00:04:52.03,1502
00:04:52.06,1502
00:04:52.07,1693
00:04:52.07,1690
00:04:52.14,1501
00:04:52.15,1501
00:04:52.17,1501
00:04:52.20,1502
00:04:52.21,1501
00:04:52.22,1501
00:04:52.24,1502
00:04:52.25,1501
00:04:52.32,1502
00:04:52.32,1713
00:04:52.32,1742
00:04:52.40,1501
00:04:52.47,1501
00:04:52.52,1501
00:04:52.53,1502
00:04:52.55,1501
00:04:52.58,1736
00:04:52.58,1675
00:04:52.66,1501
00:04:52.67,1501
00:04:52.71,1501
00:04:52.71,1502
00:04:52.72,1502
00:04:52.78,1502
00:04:52.84,1516
00:04:52.84,1706
00:04:52.84,1702
00:04:53.06,1502
00:04:53.09,1738
00:04:53.09,1565
00:04:53.16,1501
00:04:53.19,1501
00:04:53.35,1692
00:04:53.35,1691
00:04:53.45,1501
00:04:53.47,1501
00:04:53.52,1501
00:04:53.54,1501
00:04:53.56,1501
00:04:53.60,1753
00:04:53.60,1665
00:04:53.66,1502
00:04:53.68,1502
00:04:53.72,1501
00:04:53.79,1501
00:04:53.79,1501
00:04:53.81,1501
00:04:53.85,1502
00:04:53.86,1733
00:04:53.86,1745
00:04:54.11,1501
00:04:54.11,1577
00:04:54.11,1717
00:04:54.29,1501
00:04:54.31,1501
00:04:54.35,1501
00:04:54.38,1737
00:04:54.38,1612
00:04:54.41,1501
00:04:54.47,1501
00:04:54.48,1502
00:04:54.55,1502
00:04:54.63,1754
00:04:54.63,1735
00:04:54.84,1501
00:04:54.86,1502
00:04:54.88,1696
00:04:54.88,1658
00:04:55.08,1501
00:04:55.11,1501
00:04:55.12,1501
00:04:55.14,1632
00:04:55.14,1601
00:04:55.28,1501
00:04:55.32,1502
00:04:55.37,1501
00:04:55.39,1734
00:04:55.39,1681
00:04:55.45,1501
00:04:55.47,1502
00:04:55.61,1502
00:04:55.64,1748
00:04:55.65,1700
00:04:55.71,1501
00:04:55.75,1502
00:04:55.75,1501
00:04:55.89,1502
00:04:55.90,1748
00:04:55.90,1707
00:04:56.04,1501
00:04:56.06,1502
00:04:56.10,1501
00:04:56.15,1739
00:04:56.15,1632
00:04:56.21,1501
00:04:56.24,1502
00:04:56.28,1502
00:04:56.34,1502
00:04:56.38,1501
00:04:56.40,1708
00:04:56.40,1703
00:04:56.51,1501
00:04:56.55,1501
00:04:56.59,1502
00:04:56.64,1502
00:04:56.66,1736
00:04:56.66,1701
00:04:56.71,1502
00:04:56.72,1501
00:04:56.85,1501
00:04:56.91,1744
00:04:56.91,1725
00:04:57.00,1501
00:04:57.05,1501
00:04:57.07,1501
00:04:57.07,1501
00:04:57.10,1501
00:04:57.15,1501
00:04:57.16,1734
00:04:57.16,1725
00:04:57.31,1534
00:04:57.34,1501
00:04:57.37,1502
00:04:57.42,1726
00:04:57.42,1671
00:04:57.54,1502
00:04:57.59,1501
00:04:57.67,1731
00:04:57.67,1724
00:04:57.82,1502
00:04:57.92,1730
00:04:57.92,1703
00:04:57.99,1502
00:04:58.02,1502
00:04:58.09,1501
00:04:58.09,1502
00:04:58.10,1502
00:04:58.12,1501
00:04:58.13,1502
00:04:58.16,1501
00:04:58.18,1715
00:04:58.18,1702
00:04:58.22,1501
00:04:58.23,1502
00:04:58.24,1501
00:04:58.28,1501
00:04:58.31,1502
00:04:58.33,1502
00:04:58.37,1501
00:04:58.39,1501
00:04:58.43,1745
00:04:58.43,1745
00:04:58.55,1501
00:04:58.60,1501
00:04:58.63,1502
00:04:58.68,1688
00:04:58.69,1717
00:04:58.83,1502
00:04:58.86,1502
00:04:58.90,1502
00:04:58.94,1711
00:04:58.94,1667
00:04:58.99,1434
00:04:59.19,1649
00:04:59.24,1676
00:04:59.30,1379
00:04:59.44,1723
00:04:59.50,1510
00:04:59.55,1541
00:04:59.55,1591
00:04:59.60,1520
00:04:59.60,1517
00:04:59.66,1505
00:04:59.66,1499
00:04:59.71,1499
00:04:59.71,1513
00:04:59.76,1505
00:04:59.76,1520
00:04:59.81,1488
00:04:59.81,1445
00:04:59.87,1491
00:04:59.87,1479
00:04:59.92,1494
00:04:59.92,1485
00:04:59.97,1532
00:04:59.97,1519
00:05:00.01,1502
00:05:00.02,1502
00:05:00.03,1547
00:05:00.03,1538
00:05:00.08,1463
00:05:00.08,1433
00:05:00.13,1402
00:05:00.13,1273
00:05:00.18,1303
00:05:00.19,1235
00:05:00.24,1146
00:05:00.24,1137
00:05:00.29,1184
00:05:00.29,1125
00:05:00.34,1146
00:05:00.35,1146
00:05:00.40,1151
00:05:00.40,1123
00:05:00.45,1169
00:05:00.45,1142
00:05:00.50,1153
00:05:00.50,1164
00:05:00.56,1057
00:05:00.56,1179
00:05:00.61,1094
00:05:00.61,1001
00:05:00.66,987
00:05:00.67,985
00:05:00.72,975
00:05:00.72,901
00:05:00.80,931
00:05:00.80,888
00:05:00.85,865
00:05:00.85,838
00:05:00.91,792
00:05:00.91,827
00:05:00.96,721
00:05:00.96,694
00:05:01.01,697
00:05:01.01,654
00:05:01.07,526
00:05:01.07,537
00:05:01.12,520
00:05:01.12,493
00:05:01.17,517
00:05:01.17,523
00:05:01.22,515
00:05:01.23,424
00:05:01.28,310
00:05:01.28,344
00:05:01.33,361
00:05:01.33,347
00:05:01.39,357
00:05:01.39,334
00:05:01.44,347
00:05:01.44,183
00:05:01.49,232
00:05:01.49,223
00:05:01.55,271
00:05:01.57,174
00:05:01.60,104
00:05:03.23,102
00:05:03.29,100
00:05:05.61,139
00:05:05.67,136
00:05:05.68,117
00:05:06.21,104
00:05:12.28,102
00:05:12.33,100
00:05:14.51,119
00:05:14.58,109
00:05:15.46,102
00:05:15.52,126
00:05:16.68,105
00:05:16.71,106
00:05:16.77,120
00:05:17.00,113
00:05:18.22,119
00:05:18.23,101
00:05:18.27,131
00:05:18.29,110
00:05:20.41,111
00:05:20.42,107
00:05:20.64,100
00:05:20.68,136
00:05:20.82,104
00:05:21.14,100
00:05:21.17,100
00:05:21.19,122
00:05:21.25,116
00:05:21.33,119
00:05:22.17,112
00:05:22.19,109
00:05:22.22,104
00:05:22.98,123
00:05:22.99,107
00:05:26.92,111
00:05:27.96,106
00:05:28.02,132
00:05:28.02,152
00:05:28.07,171
00:05:28.13,138
00:05:28.13,132
00:05:28.18,170
00:05:28.18,170
00:05:28.23,127
00:05:28.44,107
00:05:30.59,119
00:05:30.60,127
00:05:30.64,163
00:05:31.46,101
00:05:32.71,131
00:05:32.72,127
00:05:32.76,138
00:05:33.47,125
00:05:33.49,116
00:05:33.53,116
00:05:33.83,112
00:05:33.86,111
00:05:34.07,113
00:05:35.06,112
00:05:36.48,121
00:05:36.54,140
00:05:36.59,103
00:05:36.65,114
00:05:37.02,100
00:05:38.86,102
00:05:38.89,108
00:05:38.92,119
00:05:38.95,144
00:05:38.97,161
00:05:39.00,193
00:05:39.02,207
00:05:39.06,211
00:05:39.08,226
00:05:39.11,254
00:05:39.13,260
00:05:39.16,287
00:05:39.18,303
00:05:39.22,250
00:05:39.24,259
00:05:39.27,194
00:05:39.29,107
00:05:40.41,128
00:05:41.31,100
00:05:41.35,133
00:05:41.36,122
00:05:41.40,112
00:05:41.46,138
00:05:41.47,120
00:05:41.84,102
00:05:42.84,111
00:05:42.86,116
00:05:43.92,124
00:05:44.05,124
00:05:44.75,103
00:05:44.78,114
00:05:44.80,136
00:05:44.83,149
00:05:45.23,109
00:05:45.65,102
00:05:48.41,109
00:05:49.03,103
00:05:49.76,102
00:05:50.55,120
00:05:51.44,102
00:05:52.50,122
00:05:52.52,124
00:05:52.82,104
00:05:56.71,104
00:05:56.74,100
00:05:56.89,130
00:05:57.29,116
00:05:59.59,105
00:05:59.95,119
00:06:00.00,111
00:06:00.01,118
00:06:00.05,134
00:06:00.26,107
00:06:00.28,105
00:06:00.37,120
00:06:00.39,138
00:06:00.42,166
00:06:00.44,144
00:06:00.48,171
00:06:00.50,131
00:06:00.53,133
00:06:00.56,105
00:06:00.64,102
00:06:00.67,121
00:06:00.72,104
00:06:00.75,122
00:06:02.67,105
00:06:05.34,100
00:06:06.44,106
00:06:06.46,117
00:06:06.49,121
00:06:06.52,129
00:06:06.54,126
00:06:06.57,113
00:06:06.60,120
00:06:06.62,146
00:06:06.65,107
00:06:06.68,130
00:06:07.75,111
00:06:11.71,101
00:06:11.80,102
00:06:11.82,119
00:06:11.85,121
00:06:11.87,132
00:06:12.27,109
00:06:12.32,112
00:06:12.79,104
00:06:12.81,103
00:06:14.33,117
00:06:14.58,103
00:06:14.59,101
00:06:14.63,140
00:06:14.69,129
00:06:14.70,116
00:06:14.89,110
00:06:14.89,101
00:06:14.94,110
00:06:15.23,107
00:06:16.34,113
00:06:16.39,128
00:06:16.39,137
00:06:16.44,146
00:06:16.44,172
00:06:16.51,105
00:06:18.61,102
00:06:18.69,116
00:06:20.83,101
00:06:24.43,100
00:06:24.48,100
00:06:25.51,100
00:06:25.52,107
00:06:26.63,108
00:06:27.53,121
00:06:27.59,118
00:06:27.60,102
00:06:27.64,109
00:06:27.65,100
00:06:27.69,140
00:06:27.71,147
00:06:27.74,156
00:06:27.76,171
00:06:27.80,138
00:06:27.81,152
00:06:27.87,174
00:06:32.20,111
00:06:32.25,100
00:06:32.31,106
00:06:33.05,130
00:06:33.06,143
00:06:33.10,110
00:06:33.11,111
00:06:33.15,147
00:06:33.17,158
00:06:33.21,169
00:06:33.37,106
00:06:33.40,126
00:06:33.42,134
00:06:33.83,106
00:06:33.83,108
00:06:33.89,100
00:06:33.89,120
00:06:33.94,132
00:06:35.42,111
00:06:36.42,106
00:06:36.47,120
00:06:36.52,104
00:06:38.45,142
00:06:38.46,117
00:06:38.78,235
00:06:39.20,115
00:06:39.23,138
00:06:41.60,113
00:06:41.63,139
00:06:41.65,115
00:06:42.11,101
00:06:43.03,105
00:06:45.16,112
00:06:45.42,102
00:06:45.96,104
00:06:46.82,116
00:06:47.96,109
00:06:47.96,111
00:06:48.01,100
00:06:48.77,102
00:06:49.80,100
00:06:49.83,118
00:06:49.85,128
00:06:49.88,135
00:06:51.36,105
00:06:51.41,121
00:06:51.41,101
00:06:52.65,100
00:06:52.75,126
00:06:52.77,121
00:06:52.81,118
00:06:52.82,130
00:06:53.19,102
00:06:54.20,110
00:06:54.31,119
00:06:54.34,110
00:06:54.36,112
00:06:54.41,114
00:06:54.44,106
00:06:54.64,103
00:06:54.65,105
00:06:54.69,121
00:06:54.71,117
00:06:54.85,116
00:06:55.77,107
00:06:55.79,116
00:07:00.59,1511
00:07:00.68,1504
00:07:00.74,1501
00:07:00.77,1501
00:07:00.81,1502
00:07:00.88,1501
00:07:00.88,1501
00:07:00.90,1502
00:07:00.96,1502
00:07:00.98,1501
00:07:01.02,1501
00:07:01.10,1501
00:07:01.11,1502
00:07:01.12,1501
00:07:01.12,1502
00:07:01.16,1502
00:07:01.19,1501
00:07:01.19,1502
00:07:01.24,1501
00:07:01.25,1501
00:07:01.28,1502
00:07:01.29,1501
00:07:01.40,1501
00:07:01.41,1502
00:07:01.44,1502
00:07:01.49,1502
00:07:01.53,1501
00:07:01.54,1502
00:07:01.56,1502
00:07:01.66,1501
00:07:01.68,1501
00:07:01.70,1501
00:07:01.70,1501
00:07:01.72,1501
00:07:01.73,1501
00:07:01.76,1501
00:07:01.76,1502
00:07:01.79,1502
00:07:01.79,1502
00:07:01.85,1501
00:07:01.87,1502
00:07:01.88,1501
00:07:01.92,1502
00:07:01.93,1501
00:07:01.96,1501
00:07:02.04,1501
00:07:02.10,2912
00:07:02.18,2969
00:07:02.23,1501
00:07:02.24,1501
00:07:02.27,1501
00:07:02.28,1501
00:07:02.30,1501
00:07:02.32,1501
00:07:02.39,1501
00:07:02.47,1501
00:07:02.49,1502
00:07:02.50,1501
00:07:02.52,1501
00:07:02.60,1502
00:07:02.63,1502
00:07:02.64,1501
00:07:02.73,1501
00:07:02.74,1501
00:07:02.77,1502
00:07:02.78,1502
00:07:02.78,1501
00:07:02.79,1502
00:07:02.80,1502
00:07:02.87,1501
00:07:02.93,1502
00:07:02.97,1501
00:07:03.03,1501
00:07:03.03,1501
00:07:03.04,1501
00:07:03.05,1502
00:07:03.06,1501
00:07:03.11,1501
00:07:03.14,1501
00:07:03.15,1502
00:07:03.20,1501
00:07:03.25,1501
00:07:03.29,1502
00:07:03.42,1502
00:07:03.42,1501
00:07:03.42,1502
00:07:03.44,1501
00:07:03.45,1501
00:07:03.47,1501
00:07:03.54,1501
00:07:03.58,1502
00:07:03.58,1502
00:07:03.60,2980
00:07:03.69,3004
00:07:03.73,1501
00:07:03.81,1501
00:07:03.84,1502
00:07:03.90,1502
00:07:03.98,1501
00:07:04.01,1501
00:07:04.04,1501
00:07:04.11,1501
00:07:04.15,1502
00:07:04.29,1501
00:07:04.30,1501
00:07:04.49,1501
00:07:04.50,1502
00:07:04.56,1501
00:07:04.62,1502
00:07:04.73,1501
00:07:04.74,1502
00:07:04.79,1501
00:07:04.83,1508
00:07:04.84,1501
00:07:04.90,1501
00:07:04.95,1501
00:07:04.97,1502
00:07:05.02,1501
00:07:05.11,2980
00:07:05.17,1502
00:07:05.19,2972
00:07:05.22,1501
00:07:05.24,1501
00:07:05.26,1502
00:07:05.31,1502
00:07:05.36,1502
00:07:05.42,1502
00:07:05.43,1502
00:07:05.48,1501
00:07:05.58,1501
00:07:05.59,1502
00:07:05.75,1501
00:07:05.76,1502
00:07:05.90,1501
00:07:05.91,1502
00:07:05.95,1501
00:07:05.99,1501
00:07:06.04,1501
00:07:06.09,1501
00:07:06.09,1501
00:07:06.12,1501
00:07:06.15,1502
00:07:06.27,1502
00:07:06.33,1501
00:07:06.34,1502
00:07:06.38,1501
00:07:06.45,1501
00:07:06.48,1501
00:07:06.52,1502
00:07:06.55,1501
00:07:06.57,1501
00:07:06.61,2955
00:07:06.67,1502
00:07:06.68,1502
00:07:06.69,1502
00:07:06.69,2978
00:07:06.77,1502
00:07:06.82,1501
00:07:06.93,1501
00:07:06.96,1502
00:07:07.08,1502
00:07:07.10,1501
00:07:07.14,1502
00:07:07.17,1501
00:07:07.22,1502
00:07:07.24,1501
00:07:07.35,1501
00:07:07.37,1501
00:07:07.48,1502
00:07:07.50,1502
00:07:07.54,1510
00:07:07.57,1501
00:07:07.61,1501
00:07:07.80,1501
00:07:07.82,1502
00:07:07.89,1501
00:07:07.89,1502
00:07:08.00,1502
00:07:08.03,1502
00:07:08.06,1502
00:07:08.09,1502
00:07:08.12,2987
00:07:08.20,2999
00:07:08.27,1501
00:07:08.28,1501
00:07:08.31,1502
00:07:08.32,1501
00:07:08.36,1501
00:07:08.39,1501
00:07:08.42,1502
00:07:08.52,1502
00:07:08.58,1501
00:07:08.65,1502
00:07:08.66,1501
00:07:08.67,1502
00:07:08.67,1502
00:07:08.77,1501
00:07:08.77,1501
00:07:08.93,1501
00:07:09.05,1501
00:07:09.06,1501
00:07:09.10,1501
00:07:09.18,1501
00:07:09.28,1501
00:07:09.28,1502
00:07:09.29,1501
00:07:09.35,1501
00:07:09.40,1501
00:07:09.42,1502
00:07:09.46,1501
00:07:09.46,1502
00:07:09.60,1501
00:07:09.60,1502
00:07:09.62,2911
00:07:09.71,2964
00:07:09.72,1501
00:07:09.75,1501
00:07:09.77,1501
00:07:09.77,1501
00:07:09.81,1501
00:07:09.94,1501
00:07:09.99,1502
00:07:09.99,1501
00:07:10.01,1501
00:07:10.06,1502
00:07:10.08,1501
00:07:10.11,1501
00:07:10.15,1502
00:07:10.19,1501
00:07:10.21,1501
00:07:10.24,1501
00:07:10.30,1501
00:07:10.38,1502
00:07:10.39,1501
00:07:10.43,1502
00:07:10.43,1502
00:07:10.47,1507
00:07:10.55,1501
00:07:10.57,1501
00:07:10.58,1502
00:07:10.59,1501
00:07:10.69,1501
00:07:10.75,1501
00:07:10.79,1501
00:07:10.91,1501
00:07:10.92,1502
00:07:10.96,1501
00:07:10.96,1501
00:07:11.01,1501
00:07:11.08,1501
00:07:11.11,1501
00:07:11.13,2987
00:07:11.14,1501
00:07:11.16,1501
00:07:11.19,1501
00:07:11.21,2999
00:07:11.39,1501
00:07:11.39,1502
00:07:11.49,1501
00:07:11.49,1502
00:07:11.58,1501
00:07:11.59,1501
00:07:11.61,1501
00:07:11.63,1501
00:07:11.67,1501
00:07:11.71,1502
00:07:11.72,1502
00:07:11.72,1501
00:07:11.74,1502
00:07:11.75,1502
00:07:11.82,1502
00:07:11.83,1501
00:07:11.85,1501
00:07:11.86,1501
00:07:12.00,1501
00:07:12.02,1501
00:07:12.05,1501
00:07:12.08,1501
00:07:12.10,1502
00:07:12.11,1502
00:07:12.12,1501
00:07:12.12,1502
00:07:12.13,1501
00:07:12.13,1502
00:07:12.19,1501
00:07:12.22,1501
00:07:12.25,1501
00:07:12.27,1501
00:07:12.29,1501
00:07:12.37,1501
00:07:12.40,1502
00:07:12.41,1501
00:07:12.41,1501
00:07:12.46,1501
00:07:12.51,1501
00:07:12.52,1502
00:07:12.62,1501
00:07:12.63,3005
00:07:12.71,1501
00:07:12.72,2969
00:07:12.85,1501
00:07:12.99,1501
00:07:13.12,1501
00:07:13.23,1501
00:07:13.26,1501
00:07:13.34,1502
00:07:13.36,1502
00:07:13.38,1501
00:07:13.39,1502
00:07:13.42,1502
00:07:13.56,1501
00:07:13.59,1502
00:07:13.61,1501
00:07:13.65,1502
00:07:13.67,1502
00:07:13.72,1501
00:07:13.73,1502
00:07:13.82,1502
00:07:13.82,1502
00:07:13.85,1502
00:07:13.92,1501
00:07:13.94,1502
00:07:13.96,1502
00:07:13.97,1501
00:07:13.98,1502
00:07:13.98,1502
00:07:14.02,1501
00:07:14.05,1501
00:07:14.11,1501
00:07:14.11,1502
00:07:14.14,2949
00:07:14.20,1501
00:07:14.22,2922
00:07:14.22,1501
00:07:14.41,1501
00:07:14.43,1501
00:07:14.46,1501
00:07:14.51,1502
00:07:14.56,1502
00:07:14.62,1502
00:07:14.63,1502
00:07:14.72,1501
00:07:14.82,1501
00:07:14.82,1502
00:07:14.86,1501
00:07:14.87,1501
00:07:14.90,1501
00:07:14.97,1502
00:07:15.12,1501
00:07:15.18,1501
00:07:15.20,1501
00:07:15.27,1501
00:07:15.28,1501
00:07:15.29,1502
00:07:15.32,1502
00:07:15.40,1501
00:07:15.43,1501
00:07:15.47,1501
00:07:15.50,1501
00:07:15.52,1501
00:07:15.61,1502
00:07:15.63,1501
00:07:15.64,3001
00:07:15.72,2907
00:07:15.76,1520
00:07:15.81,1502
00:07:15.87,1502
00:07:16.02,1501
00:07:16.11,1501
00:07:16.22,1501
00:07:16.24,1501
00:07:16.33,1502
00:07:16.36,1502
00:07:16.37,1501
00:07:16.49,1501
00:07:16.51,1502
00:07:16.53,1502
00:07:16.62,1502
00:07:16.63,1501
00:07:16.64,1501
00:07:16.66,1501
00:07:16.68,1501
00:07:16.71,1501
00:07:16.71,1501
00:07:16.76,1501
00:07:16.78,1502
00:07:16.83,1502
00:07:16.85,1501
00:07:16.85,1501
00:07:16.88,1501
00:07:16.89,1501
00:07:16.91,1501
00:07:16.93,1501
00:07:16.95,1501
00:07:17.06,1501
00:07:17.08,1501
00:07:17.09,1501
00:07:17.12,1501
00:07:17.15,2966
00:07:17.18,1501
00:07:17.27,1501
00:07:17.27,3038
00:07:17.30,1501
00:07:17.36,1502
00:07:17.44,1501
00:07:17.54,1501
00:07:17.58,1501
00:07:17.58,1501
00:07:17.71,1501
00:07:17.76,1502
00:07:17.79,1501
00:07:17.84,1501
00:07:17.88,1501
00:07:17.94,1502
00:07:18.01,1502
00:07:18.04,1502
00:07:18.05,1501
00:07:18.06,1501
00:07:18.07,1501
00:07:18.08,1501
00:07:18.09,1502
00:07:18.12,1501
00:07:18.22,1501
00:07:18.28,1501
00:07:18.29,1501
00:07:18.31,1502
00:07:18.41,1501
00:07:18.41,1501
00:07:18.46,1516
00:07:18.64,1501
00:07:18.65,3001
00:07:18.67,1501
00:07:18.68,1502
00:07:18.69,1501
00:07:18.69,1501
00:07:18.77,2979
00:07:18.90,1501
00:07:18.94,1502
00:07:18.96,1501
00:07:18.96,1502
00:07:18.98,1501
00:07:18.99,1502
00:07:19.02,1502
00:07:19.06,1502
00:07:19.23,1502
00:07:19.26,1502
00:07:19.31,1502
00:07:19.35,1501
00:07:19.40,1501
00:07:19.45,1501
00:07:19.52,1501
00:07:19.58,1501
00:07:19.59,1501
00:07:19.80,1502
00:07:19.82,1501
00:07:19.90,1501
00:07:19.97,1503
00:07:19.97,1506
00:07:20.03,1501
00:07:20.05,1501
00:07:20.06,1502
00:07:20.07,1501
00:07:20.15,1501
00:07:20.16,2995
00:07:20.20,1502
00:07:20.24,1501
00:07:20.24,1502
00:07:20.26,1501
00:07:20.28,2958
00:07:20.34,1501
00:07:20.38,1501
00:07:20.47,1502
00:07:20.51,1502
00:07:20.61,1502
00:07:20.67,1501
00:07:20.72,1501
00:07:20.76,1501
00:07:20.77,1501
00:07:20.77,1502
00:07:20.90,1501
00:07:20.90,1502
00:07:20.92,1501
00:07:20.93,1501
00:07:21.03,1501
00:07:21.10,1501
00:07:21.15,1501
00:07:21.16,1501
00:07:21.18,1501
00:07:21.18,1501
00:07:21.20,1501
00:07:21.20,1501
00:07:21.26,1501
00:07:21.37,1501
00:07:21.45,1503
00:07:21.49,1502
00:07:21.53,1502
00:07:21.59,1501
00:07:21.66,2990
00:07:21.74,1501
00:07:21.78,1502
00:07:21.78,2966
00:07:21.86,1501
00:07:21.87,1501
00:07:21.88,1501
00:07:21.95,1501
00:07:21.95,1501
00:07:21.96,1501
00:07:22.11,1501
00:07:22.15,1502
00:07:22.21,1502
00:07:22.24,1502
00:07:22.25,1501
00:07:22.26,1501
00:07:22.30,1502
00:07:22.30,1501
00:07:22.37,1501
00:07:22.41,1501
00:07:22.50,1501
00:07:22.51,1501
00:07:22.63,1501
00:07:22.70,1501
00:07:22.74,1502
00:07:22.79,1501
00:07:22.80,1502
00:07:22.87,1501
00:07:22.90,1501
00:07:22.96,1502
00:07:22.96,1501
00:07:22.96,1503
00:07:23.09,1501
00:07:23.14,1501
00:07:23.16,1501
00:07:23.17,2969
00:07:23.21,1501
00:07:23.28,1501
00:07:23.29,3005
00:07:23.31,1501
00:07:23.36,1501
00:07:23.44,1501
00:07:23.44,1502
00:07:23.62,1501
00:07:23.69,1501
00:07:23.69,1501
00:07:23.72,1502
00:07:23.89,1502
00:07:23.98,1501
00:07:23.99,1501
00:07:24.05,1501
00:07:24.08,1502
00:07:24.10,1502
00:07:24.11,1502
00:07:24.12,1501
00:07:24.19,1501
00:07:24.21,1502
00:07:24.26,1526
00:07:24.32,1502
00:07:24.34,1501
00:07:24.44,1501
00:07:24.54,1502
00:07:24.54,1501
00:07:24.54,1501
00:07:24.55,1502
00:07:24.57,1502
00:07:24.60,1501
00:07:24.67,2982
00:07:24.78,1501
00:07:24.79,3000
00:07:24.86,1501
00:07:24.93,1501
00:07:25.00,1501
00:07:25.01,1502
00:07:25.03,1502
00:07:25.06,1501
00:07:25.10,1502
00:07:25.11,1501
00:07:25.13,1502
00:07:25.15,1501
00:07:25.21,1501
00:07:25.24,1501
00:07:25.26,1501
00:07:25.26,1501
00:07:25.27,1502
00:07:25.36,1501
00:07:25.38,1501
00:07:25.52,1501
00:07:25.53,1501
00:07:25.72,1501
00:07:25.76,1501
00:07:25.76,1502
00:07:25.77,1502
00:07:25.80,1502
00:07:25.86,1502
00:07:25.90,1501
00:07:26.01,1501
00:07:26.03,1501
00:07:26.06,1501
00:07:26.16,1502
00:07:26.16,1501
00:07:26.18,3006
00:07:26.29,1501
00:07:26.30,2992
00:07:26.51,1501
00:07:26.53,1501
00:07:26.55,1501
00:07:26.59,1502
00:07:26.59,1501
00:07:26.62,1501
00:07:26.63,1502
00:07:26.66,1502
00:07:26.68,1502
00:07:26.80,1501
00:07:26.81,1502
00:07:26.86,1502
00:07:26.87,1501
00:07:26.96,1506
00:07:26.98,1501
00:07:27.01,1502
00:07:27.06,1501
00:07:27.13,1502
00:07:27.14,1501
00:07:27.15,1502
00:07:27.17,1501
00:07:27.21,1501
00:07:27.28,1501
00:07:27.32,1501
00:07:27.33,1501
00:07:27.40,1502
00:07:27.49,1501
00:07:27.50,1501
00:07:27.56,1502
00:07:27.63,1501
00:07:27.68,2996
00:07:27.75,1501
00:07:27.77,1501
00:07:27.78,1501
00:07:27.80,1502
00:07:27.80,2826
00:07:27.92,1501
00:07:27.96,1502
00:07:28.05,1501
00:07:28.09,1502
00:07:28.18,1501
00:07:28.23,1501
00:07:28.38,1501
00:07:28.50,1501
00:07:28.50,1501
00:07:28.55,1501
00:07:28.56,1502
00:07:28.64,1502
00:07:28.65,1501
00:07:28.81,1502
00:07:28.85,1501
00:07:28.91,1502
00:07:28.94,1502
00:07:28.98,1501
00:07:29.02,1501
00:07:29.03,1501
00:07:29.08,1502
00:07:29.17,1501
00:07:29.17,1502
00:07:29.19,2997
00:07:29.24,1501
00:07:29.25,1501
00:07:29.28,1501
00:07:29.31,2951
00:07:29.33,1502
00:07:29.38,1501
00:07:29.45,1501
00:07:29.47,1501
00:07:29.49,1501
00:07:29.59,1501
00:07:29.62,1501
00:07:29.69,1502
00:07:29.71,1501
00:07:29.73,1501
00:07:29.84,1502
00:07:29.84,1501
00:07:29.85,1501
00:07:29.86,1501
00:07:29.87,1501
00:07:29.96,1501
00:07:29.97,1501
00:07:30.00,1502
00:07:30.01,1502
00:07:30.07,1502
00:07:30.11,1501
00:07:30.12,1501
00:07:30.16,1502
00:07:30.22,1501
00:07:30.25,1501
00:07:30.35,1501
00:07:30.35,1501
00:07:30.38,1502
00:07:30.41,1501
00:07:30.57,1501
00:07:30.59,1502
00:07:30.62,1502
00:07:30.68,1502
00:07:30.69,1502
00:07:30.69,2977
00:07:30.80,1502
00:07:30.81,2994
00:07:30.93,1501
00:07:30.94,1501
00:07:30.96,1501
00:07:31.10,1502
00:07:31.13,1501
00:07:31.14,1501
00:07:31.18,1501
00:07:31.22,1501
00:07:31.25,1502
00:07:31.38,1501
00:07:31.44,1501
00:07:31.51,1502
00:07:31.53,1502
00:07:31.55,1501
00:07:31.61,1501
00:07:31.62,1502
00:07:31.66,1501
00:07:31.67,1501
00:07:31.69,1502
00:07:31.72,1502
00:07:31.90,1501
00:07:31.94,1502
00:07:31.97,1501
00:07:31.97,1502
00:07:32.01,1501
00:07:32.02,1501
00:07:32.05,1501
00:07:32.14,1516
00:07:32.15,1503
00:07:32.18,1502
00:07:32.19,1502
00:07:32.20,2972
00:07:32.26,1501
00:07:32.32,2957
00:07:32.42,1501
00:07:32.45,1501
00:07:32.47,1501
00:07:32.69,1501
00:07:32.72,1501
00:07:32.75,1501
00:07:32.76,1502
00:07:32.78,1502
00:07:32.84,1501
00:07:32.88,1502
00:07:32.98,1501
00:07:33.00,1501
00:07:33.02,1501
00:07:33.04,1502
00:07:33.08,1502
00:07:33.13,1501
00:07:33.13,1501
00:07:33.16,1501
00:07:33.17,1501
00:07:33.24,1501
00:07:33.31,1501
00:07:33.32,1501
00:07:33.47,1502
00:07:33.48,1501
00:07:33.52,1501
00:07:33.54,1501
00:07:33.65,1501
00:07:33.65,1504
00:07:33.67,1501
00:07:33.71,3003
00:07:33.72,1501
00:07:33.77,1502
00:07:33.80,1502
00:07:33.83,2948
00:07:33.88,1501
00:07:33.89,1501
00:07:33.94,1502
00:07:33.98,1501
00:07:34.10,1501
00:07:34.12,1501
00:07:34.15,1501
00:07:34.29,1502
00:07:34.36,1501
00:07:34.37,1502
00:07:34.42,1502
00:07:34.48,1501
00:07:34.50,1501
00:07:34.57,1501
00:07:34.57,1502
00:07:34.58,1501
00:07:34.59,1502
00:07:34.62,1502
00:07:34.66,1502
00:07:34.67,1501
00:07:34.72,1501
00:07:34.79,1502
00:07:34.82,1501
00:07:34.83,1502
00:07:34.87,1502
00:07:35.01,1501
00:07:35.05,1501
00:07:35.08,1501
00:07:35.13,1501
00:07:35.15,1501
00:07:35.16,1501
00:07:35.21,2992
00:07:35.33,2989
00:07:35.42,1502
00:07:35.46,1501
00:07:35.46,1501
00:07:35.53,1501
00:07:35.57,1502
00:07:35.59,1501
00:07:35.60,1501
00:07:35.68,1501
00:07:35.70,1502
00:07:35.83,1502
00:07:35.90,1501
00:07:35.90,1502
00:07:35.92,1501
00:07:35.93,1502
00:07:35.96,1501
00:07:36.10,1501
00:07:36.11,1501
00:07:36.18,1502
00:07:36.19,1501
00:07:36.19,1501
00:07:36.24,1501
00:07:36.29,1502
00:07:36.30,1501
00:07:36.44,1502
00:07:36.46,1502
00:07:36.52,1502
00:07:36.56,1501
00:07:36.58,1502
00:07:36.58,1501
00:07:36.63,1502
00:07:36.72,2990
00:07:36.80,1502
00:07:36.81,1501
00:07:36.81,1502
00:07:36.83,1502
00:07:36.83,2967
00:07:36.91,1501
00:07:36.99,1501
00:07:37.06,1501
00:07:37.08,1502
00:07:37.10,1501
00:07:37.10,1502
00:07:37.13,1501
00:07:37.18,1502
00:07:37.24,1501
00:07:37.35,1501
00:07:37.36,1502
00:07:37.43,1501
00:07:37.47,1501
00:07:37.51,1501
00:07:37.57,1501
00:07:37.58,1502
00:07:37.63,1509
00:07:37.65,1502
00:07:37.72,1502
00:07:37.74,1501
00:07:37.76,1501
00:07:37.77,1501
00:07:37.85,1502
00:07:37.87,1501
00:07:37.87,1501
00:07:37.93,1501
00:07:37.98,1502
00:07:37.99,1501
00:07:38.02,1501
00:07:38.05,1502
00:07:38.14,1502
00:07:38.17,1502
00:07:38.21,1501
00:07:38.22,2994
00:07:38.27,1501
00:07:38.30,1502
00:07:38.31,1501
00:07:38.34,2994
00:07:38.64,1501
00:07:38.68,1502
00:07:38.72,1502
00:07:38.73,1502
00:07:38.76,1501
00:07:38.83,1501
00:07:38.90,1501
00:07:38.99,1501
00:07:39.00,1502
00:07:39.00,1501
00:07:39.05,1502
00:07:39.05,1502
00:07:39.07,1502
00:07:39.13,1502
00:07:39.13,1501
00:07:39.17,1501
00:07:39.20,1501
00:07:39.23,1501
00:07:39.28,1501
00:07:39.30,1501
00:07:39.41,1501
00:07:39.44,1501
00:07:39.45,1501
00:07:39.46,1501
00:07:39.47,1501
00:07:39.49,1502
00:07:39.51,1502
00:07:39.53,1502
00:07:39.56,1501
00:07:39.60,1501
00:07:39.62,1501
00:07:39.71,1501
00:07:39.73,2969
00:07:39.83,1501
00:07:39.85,2749
00:07:39.93,1502
00:07:39.95,1502
00:07:39.97,1502
00:07:40.08,1502
00:07:40.17,1502
00:07:40.29,1502
00:07:40.34,1501
00:07:40.42,1502
00:07:40.45,1501
00:07:40.58,1501
00:07:40.60,1502
00:07:40.61,1501
00:07:40.67,1501
00:07:40.67,1501
00:07:40.73,1502
00:07:40.75,1501
00:07:40.85,1501
00:07:40.85,1501
00:07:40.86,1502
00:07:40.91,1501
00:07:40.96,1501
00:07:40.99,1501
00:07:41.03,1501
00:07:41.11,1501
00:07:41.15,1502
00:07:41.22,1501
00:07:41.23,3002
00:07:41.30,1501
00:07:41.34,1502
00:07:41.35,2973
00:07:41.36,1501
00:07:41.44,1502
00:07:41.51,1501
00:07:41.52,1501
00:07:41.53,1501
00:07:41.55,1501
00:07:41.66,1502
00:07:41.67,1501
00:07:41.84,1501
00:07:41.89,1501
00:07:41.89,1502
00:07:41.92,1501
00:07:41.94,1501
00:07:42.02,1501
00:07:42.21,1501
00:07:42.27,1501
00:07:42.27,1501
00:07:42.34,1501
00:07:42.35,1501
00:07:42.36,1502
00:07:42.39,1501
00:07:42.40,1501
00:07:42.42,1501
00:07:42.45,1501
00:07:42.50,1501
00:07:42.50,1501
00:07:42.54,1501
00:07:42.54,1501
00:07:42.55,1501
00:07:42.60,1502
00:07:42.65,1501
00:07:42.71,1502
00:07:42.72,1501
00:07:42.74,2999
00:07:42.78,1501
00:07:42.79,1501
00:07:42.81,1501
00:07:42.86,3004
00:07:43.01,1501
00:07:43.09,1501
00:07:43.34,1502
00:07:43.36,1501
00:07:43.37,1501
00:07:43.50,1501
00:07:43.54,1501
00:07:43.55,1501
00:07:43.62,1502
00:07:43.65,1502
00:07:43.76,1501
00:07:43.76,1502
00:07:43.79,1501
00:07:43.81,1502
00:07:43.83,1501
00:07:43.85,1502
00:07:43.90,1502
00:07:43.99,1501
00:07:44.00,1501
00:07:44.00,1502
00:07:44.02,1502
00:07:44.04,1502
00:07:44.08,1502
00:07:44.09,1501
00:07:44.20,1502
00:07:44.24,1502
00:07:44.24,2995
00:07:44.25,1501
00:07:44.31,1501
00:07:44.32,1502
00:07:44.35,1502
00:07:44.36,2922
00:07:44.43,1501
00:07:44.45,1501
00:07:44.48,1502
00:07:44.48,1501
00:07:44.51,1501
00:07:44.58,1501
00:07:44.66,1502
00:07:44.66,1501
00:07:44.72,1506
00:07:44.78,1501
00:07:44.87,1501
00:07:44.90,1501
00:07:45.03,1502
00:07:45.09,1501
00:07:45.17,1502
00:07:45.19,1501
00:07:45.19,1501
00:07:45.23,1501
00:07:45.24,1501
00:07:45.29,1501
00:07:45.29,1501
00:07:45.29,1501
00:07:45.40,1501
00:07:45.43,1501
00:07:45.54,1502
00:07:45.54,1502
00:07:45.59,1501
00:07:45.59,1501
00:07:45.61,1502
00:07:45.63,1501
00:07:45.74,1501
00:07:45.75,3004
00:07:45.84,1502
00:07:45.87,2936
00:07:45.94,1501
00:07:45.95,1502
00:07:45.97,1501
00:07:46.02,1502
00:07:46.04,1501
00:07:46.09,1502
00:07:46.11,1501
00:07:46.12,1501
00:07:46.12,1502
00:07:46.25,1501
00:07:46.27,1502
00:07:46.29,1501
00:07:46.43,1501
00:07:46.43,1501
00:07:46.49,1501
00:07:46.49,1502
00:07:46.50,1501
00:07:46.52,1502
00:07:46.56,1501
00:07:46.60,1502
00:07:46.61,1501
00:07:46.71,1502
00:07:46.86,1502
00:07:46.90,1501
00:07:46.96,1501
00:07:46.97,1501
00:07:46.98,1501
00:07:47.04,1501
00:07:47.12,1502
00:07:47.19,1502
00:07:47.19,1501
00:07:47.23,1501
00:07:47.25,2954
00:07:47.37,2944
00:07:47.39,1501
00:07:47.47,1501
00:07:47.49,1502
00:07:47.49,1502
00:07:47.52,1501
00:07:47.54,1501
00:07:47.56,1501
00:07:47.57,1501
00:07:47.58,1502
00:07:47.60,1501
00:07:47.66,1502
00:07:47.76,1502
00:07:47.86,1501
00:07:47.87,1501
00:07:47.88,1502
00:07:47.90,1502
00:07:47.95,1501
00:07:48.01,1502
00:07:48.01,1502
00:07:48.02,1501
00:07:48.04,1501
00:07:48.35,1501
00:07:48.40,1502
00:07:48.42,1502
00:07:48.47,1501
00:07:48.52,1502
00:07:48.53,1502
00:07:48.54,1501
00:07:48.55,1501
00:07:48.55,1501
00:07:48.56,1502
00:07:48.60,1501
00:07:48.67,1502
00:07:48.76,2980
00:07:48.87,1501
00:07:48.88,3001
00:07:48.94,1501
00:07:48.98,1502
00:07:49.08,1501
00:07:49.10,1502
00:07:49.13,1501
00:07:49.14,1501
00:07:49.18,1501
00:07:49.18,1502
00:07:49.19,1501
00:07:49.25,1501
00:07:49.27,1501
00:07:49.46,1502
00:07:49.58,1501
00:07:49.59,1502
00:07:49.65,1502
00:07:49.66,1501
00:07:49.68,1501
00:07:49.69,1501
00:07:49.70,1501
00:07:49.74,1501
00:07:49.74,1502
00:07:49.78,1501
00:07:49.84,1502
00:07:49.87,1501
00:07:49.88,1501
00:07:49.96,1501
00:07:50.00,1501
00:07:50.01,1502
00:07:50.06,1502
00:07:50.16,1501
00:07:50.18,1501
00:07:50.25,1501
00:07:50.25,1501
00:07:50.26,2982
00:07:50.32,1502
00:07:50.38,2974
00:07:50.41,1501
00:07:50.47,1501
00:07:50.48,1501
00:07:50.58,1501
00:07:50.66,1501
00:07:50.66,1501
00:07:50.67,1501
00:07:50.72,1501
00:07:50.73,1502
00:07:50.75,1502
00:07:50.85,1501
00:07:50.89,1501
00:07:50.94,1502
00:07:50.96,1501
00:07:51.17,1502
00:07:51.18,1501
00:07:51.20,1501
00:07:51.20,1501
00:07:51.22,1502
00:07:51.27,1502
00:07:51.27,1501
00:07:51.31,1502
00:07:51.34,1502
00:07:51.35,1502
00:07:51.40,1501
00:07:51.43,1502
00:07:51.49,1511
00:07:51.50,1502
00:07:51.52,1502
00:07:51.60,1502
00:07:51.61,1501
00:07:51.63,1501
00:07:51.67,1501
00:07:51.70,1501
00:07:51.71,1501
00:07:51.72,1501
00:07:51.74,1501
00:07:51.76,2952
00:07:51.89,2996
00:07:51.91,1501
00:07:51.95,1501
00:07:51.98,1501
00:07:52.03,1502
00:07:52.05,1502
00:07:52.16,1502
00:07:52.17,1501
00:07:52.22,1501
00:07:52.25,1501
00:07:52.27,1501
00:07:52.27,1501
00:07:52.28,1501
00:07:52.30,1501
00:07:52.43,1501
00:07:52.46,1501
00:07:52.49,1501
00:07:52.53,1502
00:07:52.56,1501
00:07:52.63,1501
00:07:52.66,1502
00:07:52.72,1501
00:07:52.74,1501
00:07:52.79,1501
00:07:52.87,1502
00:07:52.91,1501
00:07:52.91,1501
00:07:52.92,1501
00:07:52.92,1501
00:07:52.93,1501
00:07:52.95,1501
00:07:52.95,1501
00:07:53.00,1502
00:07:53.00,1502
00:07:53.12,1501
00:07:53.19,1501
00:07:53.24,1502
00:07:53.27,2922
00:07:53.39,3005
00:07:53.48,1501
00:07:53.63,1501
00:07:53.67,1501
00:07:53.71,1501
00:07:53.81,1502
00:07:53.86,1501
00:07:53.90,1501
00:07:53.98,1501
00:07:54.12,1501
00:07:54.17,1502
00:07:54.19,1501
00:07:54.21,1501
00:07:54.21,1502
00:07:54.24,1501
00:07:54.24,1501
00:07:54.27,1502
00:07:54.29,1502
00:07:54.29,1501
00:07:54.32,1501
00:07:54.36,1501
00:07:54.36,1501
00:07:54.38,1502
00:07:54.46,1502
00:07:54.47,1502
00:07:54.52,1501
00:07:54.55,1502
00:07:54.61,1501
00:07:54.62,1501
00:07:54.65,1501
00:07:54.68,1501
00:07:54.73,1501
00:07:54.77,2820
00:07:54.83,1502
00:07:54.84,1501
00:07:54.88,1501
00:07:54.90,2936
00:07:54.97,1501
00:07:54.97,1502
00:07:55.02,1502
00:07:55.06,1501
00:07:55.08,1502
00:07:55.13,1501
00:07:55.15,1502
00:07:55.16,1501
00:07:55.24,1501
00:07:55.30,1502
00:07:55.34,1501
00:07:55.35,1501
00:07:55.38,1501
00:07:55.50,1501
00:07:55.50,1501
00:07:55.58,1504
00:07:55.59,1502
00:07:55.64,1501
00:07:55.67,1501
00:07:55.67,1501
00:07:55.70,1502
00:07:55.72,1501
00:07:55.93,1501
00:07:55.94,1501
00:07:55.99,1502
00:07:56.01,1502
00:07:56.03,1502
00:07:56.03,1501
00:07:56.03,1501
00:07:56.17,1502
00:07:56.21,1501
00:07:56.24,1501
00:07:56.24,1501
00:07:56.27,1501
00:07:56.28,2967
00:07:56.32,1501
00:07:56.32,1501
00:07:56.33,1501
00:07:56.40,1501
00:07:56.40,1502
00:07:56.40,2976
00:07:56.42,1501
00:07:56.43,1501
00:07:56.51,1501
00:07:56.61,1502
00:07:56.68,1501
00:07:56.73,1501
00:07:56.76,1501
00:07:56.80,1501
00:07:56.85,1501
00:07:57.05,1501
00:07:57.12,1501
00:07:57.14,1502
00:07:57.16,1501
00:07:57.19,1502
00:07:57.22,1502
00:07:57.26,1501
00:07:57.33,1502
00:07:57.35,1502
00:07:57.38,1502
00:07:57.38,1501
00:07:57.43,1501
00:07:57.49,1501
00:07:57.50,1502
00:07:57.57,1501
00:07:57.58,1501
00:07:57.60,1502
00:07:57.62,1502
00:07:57.63,1502
00:07:57.64,1502
00:07:57.67,1501
00:07:57.72,1502
00:07:57.74,1501
00:07:57.77,1502
00:07:57.78,2981
00:07:57.90,1502
00:07:57.91,3004
00:07:57.93,1501
00:07:57.94,1502
00:07:57.94,1501
00:07:58.00,1501
00:07:58.03,1501
00:07:58.04,1502
00:07:58.05,1501
00:07:58.17,1502
00:07:58.20,1501
00:07:58.21,1501
00:07:58.21,1501
00:07:58.25,1502
00:07:58.30,1501
00:07:58.30,1501
00:07:58.36,1502
00:07:58.36,1502
00:07:58.40,1501
00:07:58.43,1501
00:07:58.58,1502
00:07:58.60,1501
00:07:58.79,1501
00:07:58.81,1502
00:07:58.87,1501
00:07:58.92,1501
00:07:58.99,1501
00:07:59.04,1501
00:07:59.13,1501
00:07:59.23,1501
00:07:59.29,2949
00:07:59.35,1502
00:07:59.39,1501
00:07:59.41,1502
00:07:59.41,2984
00:07:59.43,1502
00:07:59.44,1501
00:07:59.46,1502
00:07:59.50,1501
00:07:59.57,1523
00:07:59.60,1501
00:07:59.63,1502
00:07:59.64,1501
00:07:59.74,1501
00:07:59.76,1501
00:07:59.77,1501
00:07:59.78,1501
00:07:59.78,1502
00:07:59.79,1501
00:07:59.82,1502
00:07:59.83,1501
00:07:59.83,1501
00:07:59.92,1502
00:07:59.95,1501
00:07:59.98,1501
00:08:00.18,1501
00:08:00.21,1501
00:08:00.21,1502
00:08:00.33,1502
00:08:00.36,1502
00:08:00.37,1502
00:08:00.38,1502
00:08:00.40,1502
00:08:00.41,1502
00:08:00.46,1501
00:08:00.51,1501
00:08:00.54,1502
00:08:00.56,1501
00:08:00.58,1501
00:08:00.63,1501
00:08:00.74,1502
00:08:00.79,2995
00:08:00.87,1501
00:08:00.92,2995
00:08:01.34,1501
00:08:01.39,1501
00:08:01.42,1501
00:08:01.96,1501
00:08:01.97,1502
00:08:02.04,1501
00:08:02.08,1501
00:08:02.14,1501
00:08:02.20,1501
00:08:02.24,1502
00:08:02.25,1502
00:08:02.30,2970
00:08:02.39,1502
00:08:02.42,2850
00:08:02.49,1518
00:08:02.53,1501
00:08:02.61,1501
00:08:02.62,1502
00:08:02.66,1502
00:08:02.67,1501
00:08:02.70,1502
00:08:02.76,1501
00:08:02.76,1501
00:08:02.76,1501
00:08:02.78,1501
00:08:02.84,1502
00:08:02.85,1502
00:08:02.87,1501
00:08:02.88,1501
00:08:02.91,1501
00:08:02.93,1502
00:08:02.93,1502
00:08:02.96,1501
00:08:02.99,1501
00:08:03.00,1501
00:08:03.00,1502
00:08:03.01,1501
00:08:03.05,1502
00:08:03.08,1501
00:08:03.18,1501
00:08:03.29,1501
00:08:03.32,1502
00:08:03.35,1502
00:08:03.35,1501
00:08:03.47,1501
00:08:03.47,1501
00:08:03.51,1501
00:08:03.59,1502
00:08:03.62,1501
00:08:03.67,1502
00:08:03.71,1502
00:08:03.72,1502
00:08:03.80,2945
00:08:03.93,2980
00:08:03.99,1501
00:08:04.01,1502
00:08:04.06,1501
00:08:04.08,1501
00:08:04.13,1502
00:08:04.14,1502
00:08:04.14,1501
00:08:04.15,1501
00:08:04.17,1501
00:08:04.22,1502
00:08:04.30,1501
00:08:04.32,1501
00:08:04.32,1501
00:08:04.35,1502
00:08:04.38,1502
00:08:04.39,1502
00:08:04.42,1502
00:08:04.43,1501
00:08:04.48,1501
00:08:04.49,1502
00:08:04.51,1502
00:08:04.56,1501
00:08:04.59,1501
00:08:04.62,1502
00:08:04.68,1502
00:08:04.78,1501
00:08:04.82,1502
00:08:04.90,1501
00:08:04.92,1501
00:08:04.94,1502
00:08:04.95,1501
00:08:05.05,1501
00:08:05.09,1502
00:08:05.12,1502
00:08:05.20,1508
00:08:05.26,1502
00:08:05.31,2912
00:08:05.33,1502
00:08:05.37,1501
00:08:05.39,1501
00:08:05.43,2940
00:08:05.48,1501
00:08:05.52,1501
00:08:05.59,1501
00:08:05.61,1501
00:08:05.64,1501
00:08:05.67,1501
00:08:05.71,1501
00:08:05.72,1502
00:08:05.75,1502
00:08:05.79,1501
00:08:05.82,1502
00:08:05.87,1501
00:08:05.90,1502
00:08:05.90,1501
00:08:05.91,1501
00:08:05.96,1502
00:08:06.07,1501
00:08:06.09,1501
00:08:06.15,1501
00:08:06.17,1501
00:08:06.23,1501
00:08:06.24,1501
00:08:06.31,1501
00:08:06.34,1501
00:08:06.38,1502
00:08:06.47,1501
00:08:06.54,1501
00:08:06.59,1501
00:08:06.59,1501
00:08:06.61,1502
00:08:06.77,1501
00:08:06.81,2996
00:08:06.87,1502
00:08:06.89,1501
00:08:06.94,2967
00:08:06.99,1501
00:08:07.01,1502
00:08:07.02,1502
00:08:07.17,1501
00:08:07.27,1501
00:08:07.36,1501
00:08:07.43,1502
00:08:07.51,1511
00:08:07.51,1502
00:08:07.55,1501
00:08:07.63,1501
00:08:07.69,1502
00:08:07.72,1501
00:08:07.74,1502
00:08:07.75,1501
00:08:07.76,1501
00:08:07.79,1501
00:08:07.79,1501
00:08:07.87,1501
00:08:07.89,1501
00:08:07.93,1501
00:08:08.02,1501
00:08:08.06,1501
00:08:08.12,1502
00:08:08.21,1501
00:08:08.25,1502
00:08:08.32,2982
00:08:08.43,1501
00:08:08.44,2968
00:08:08.54,1501
00:08:08.56,1501
00:08:08.58,1501
00:08:08.58,1501
00:08:08.58,1501
00:08:08.65,1501
00:08:08.73,1501
00:08:08.74,1501
00:08:08.86,1501
00:08:08.86,1501
00:08:08.87,1501
00:08:08.88,1502
00:08:09.02,1533
00:08:09.11,1502
00:08:09.12,1501
00:08:09.13,1501
00:08:09.16,1501
00:08:09.16,1501
00:08:09.22,1502
00:08:09.29,1502
00:08:09.29,1501
00:08:09.32,1502
00:08:09.34,1501
00:08:09.36,1502
00:08:09.41,1501
00:08:09.47,1501
00:08:09.48,1501
00:08:09.50,1502
00:08:09.60,1502
00:08:09.61,1501
00:08:09.61,1501
00:08:09.63,1501
00:08:09.69,1501
00:08:09.73,1501
00:08:09.74,1501
00:08:09.79,1502
00:08:09.79,1501
00:08:09.83,2976
00:08:09.94,2936
00:08:10.09,1501
00:08:10.11,1502
00:08:10.15,1501
00:08:10.16,1501
00:08:10.25,1501
00:08:10.46,1502
00:08:10.49,1501
00:08:10.62,1502
00:08:10.69,1502
00:08:10.70,1501
00:08:10.78,1501
00:08:10.87,1501
00:08:10.87,1502
00:08:10.88,1502
00:08:10.92,1502
00:08:10.97,1501
00:08:10.99,1501
00:08:11.10,1501
00:08:11.11,1501
00:08:11.14,1502
00:08:11.18,1501
00:08:11.20,1502
00:08:11.27,1502
00:08:11.29,1501
00:08:11.34,1502
00:08:11.34,2873
00:08:11.35,1501
00:08:11.38,1501
00:08:11.43,1501
00:08:11.45,2921
00:08:11.51,1501
00:08:11.58,1502
00:08:11.68,1501
00:08:11.73,1502
00:08:11.75,1501
00:08:11.86,1502
00:08:11.96,1501
00:08:11.99,1501
00:08:12.04,1501
00:08:12.06,1502
00:08:12.08,1502
00:08:12.09,1501
00:08:12.11,1501
00:08:12.16,1501
00:08:12.21,1501
00:08:12.27,1501
00:08:12.32,1501
00:08:12.40,1501
00:08:12.41,1502
00:08:12.47,1501
00:08:12.50,1502
00:08:12.60,1502
00:08:12.60,1502
00:08:12.69,1501
00:08:12.80,1501
00:08:12.82,1502
00:08:12.82,1502
00:08:12.83,1502
00:08:12.84,2998
00:08:12.95,1502
00:08:12.95,2983
00:08:13.02,1501
00:08:13.02,1501
00:08:13.03,1502
00:08:13.03,1502
00:08:13.03,1501
00:08:13.11,1501
00:08:13.11,1501
00:08:13.19,1502
00:08:13.19,1501
00:08:13.20,1501
00:08:13.21,1501
00:08:13.24,1501
00:08:13.26,1502
00:08:13.32,1501
00:08:13.36,1501
00:08:13.38,1501
00:08:13.46,1502
00:08:13.61,1501
00:08:13.63,1501
00:08:13.64,1502
00:08:13.65,1501
00:08:13.67,1501
00:08:13.68,1501
00:08:13.75,1502
00:08:13.77,1501
00:08:14.03,1502
00:08:14.32,1501
00:08:14.35,2986
00:08:14.40,1501
00:08:14.46,2981
00:08:14.49,1501
00:08:14.50,1501
00:08:14.50,1501
00:08:14.54,1501
00:08:14.54,1501
00:08:14.57,1502
00:08:14.63,1501
00:08:14.64,1502
00:08:14.66,1501
00:08:14.75,1502
00:08:14.76,1501
00:08:14.83,1501
00:08:14.85,1501
00:08:14.89,1502
00:08:14.90,1502
00:08:14.96,1501
00:08:14.96,1501
00:08:15.03,1501
00:08:15.06,1501
00:08:15.20,1501
00:08:15.25,1501
00:08:15.28,1501
00:08:15.28,1501
00:08:15.35,1501
00:08:15.38,1502
00:08:15.43,1502
00:08:15.43,1501
00:08:15.43,1501
00:08:15.49,1502
00:08:15.51,1501
00:08:15.51,1502
00:08:15.53,1501
00:08:15.56,1502
00:08:15.57,1501
00:08:15.70,1501
00:08:15.74,1501
00:08:15.75,1501
00:08:15.75,1502
00:08:15.76,1502
00:08:15.76,1502
00:08:15.86,2962
00:08:15.96,1501
00:08:15.96,2981
00:08:16.02,1501
00:08:16.03,1501
00:08:16.07,1502
00:08:16.08,1502
00:08:16.10,1502
00:08:16.11,1501
00:08:16.11,1501
00:08:16.15,1501
00:08:16.16,1502
00:08:16.28,1501
00:08:16.29,1501
00:08:16.29,1501
00:08:16.32,1501
00:08:16.33,1501
00:08:16.38,1501
00:08:16.48,1502
00:08:16.48,1501
00:08:16.54,1501
00:08:16.57,1501
00:08:16.58,1502
00:08:16.60,1501
00:08:16.68,1501
00:08:16.72,1502
00:08:16.77,1502
00:08:16.88,1501
00:08:16.90,1502
00:08:16.96,1502
00:08:16.96,1502
00:08:16.99,1501
00:08:17.01,1501
00:08:17.02,1501
00:08:17.10,1501
00:08:17.16,1502
00:08:17.16,1502
00:08:17.16,1502
00:08:17.16,1502
00:08:17.36,2940
00:08:17.46,1502
00:08:17.47,2978
00:08:17.66,1502
00:08:17.67,1501
00:08:17.69,1501
00:08:17.94,1501
00:08:17.95,1501
00:08:17.99,1501
00:08:18.02,1501
00:08:18.05,1502
00:08:18.08,1501
00:08:18.09,1502
00:08:18.17,1502
00:08:18.18,1501
00:08:18.19,1502
00:08:18.20,1502
00:08:18.24,1501
00:08:18.29,1501
00:08:18.33,1531
00:08:18.33,1534
00:08:18.40,1502
00:08:18.43,1502
00:08:18.51,1502
00:08:18.56,1501
00:08:18.56,1502
00:08:18.59,1501
00:08:18.63,1501
00:08:18.67,1502
00:08:18.70,1501
00:08:18.80,1502
00:08:18.82,1501
00:08:18.83,1502
00:08:18.86,1502
00:08:18.87,2942
00:08:18.94,1502
00:08:18.96,1501
00:08:18.97,2931
00:08:19.14,1501
00:08:19.21,1502
00:08:19.23,1502
00:08:19.28,1502
00:08:19.30,1501
00:08:19.33,1501
00:08:19.37,1501
00:08:19.42,1501
00:08:19.46,1502
00:08:19.46,1502
00:08:19.55,1501
00:08:19.58,1502
00:08:19.59,1501
00:08:19.61,1502
00:08:19.63,1502
00:08:19.64,1501
00:08:19.67,1501
00:08:19.68,1501
00:08:19.77,1501
00:08:19.79,1502
00:08:19.79,1501
00:08:19.83,1501
00:08:19.89,1502
00:08:19.89,1501
00:08:19.92,1501
00:08:19.95,1502
00:08:19.97,1501
00:08:20.01,1501
00:08:20.08,1501
00:08:20.16,1502
00:08:20.26,1501
00:08:20.26,1502
00:08:20.31,1501
00:08:20.32,1502
00:08:20.34,1501
00:08:20.36,1501
00:08:20.37,2981
00:08:20.45,1501
00:08:20.47,1502
00:08:20.48,2961
00:08:20.56,1501
00:08:20.56,1501
00:08:20.76,1501
00:08:20.76,1501
00:08:20.81,1502
00:08:20.85,1501
00:08:20.86,1502
00:08:20.89,1501
00:08:20.92,1501
00:08:20.93,1501
00:08:20.94,1501
00:08:20.95,1501
00:08:20.96,1502
00:08:20.99,1501
00:08:21.02,1501
00:08:21.03,1502
00:08:21.05,1502
00:08:21.08,1502
00:08:21.09,1502
00:08:21.20,1501
00:08:21.21,1501
00:08:21.41,1502
00:08:21.43,1501
00:08:21.43,1501
00:08:21.47,1502
00:08:21.52,1502
00:08:21.52,1501
00:08:21.59,1501
00:08:21.60,1502
00:08:21.69,1501
00:08:21.72,1501
00:08:21.87,1501
00:08:21.88,2968
00:08:21.95,1502
00:08:21.98,1501
00:08:21.98,2941
00:08:22.00,1502
00:08:22.02,1501
00:08:22.04,1502
00:08:22.08,1502
00:08:22.12,1501
00:08:22.12,1501
00:08:22.19,1501
00:08:22.26,1501
00:08:22.28,1501
00:08:22.28,1501
00:08:22.29,1501
00:08:22.38,1501
00:08:22.40,1501
00:08:22.44,1502
00:08:22.61,1501
00:08:22.62,1502
00:08:22.70,1501
00:08:22.73,1502
00:08:22.73,1501
00:08:22.73,1501
00:08:22.75,1502
00:08:22.78,1501
00:08:22.85,1502
00:08:22.87,1502
00:08:22.92,1501
00:08:22.94,1502
00:08:22.97,1502
00:08:23.12,1501
00:08:23.20,1501
00:08:23.23,1501
00:08:23.38,2963
00:08:23.49,2996
00:08:23.62,1502
00:08:23.63,1501
00:08:23.63,1501
00:08:23.63,1501
00:08:23.66,1501
00:08:23.66,1501
00:08:23.74,1502
00:08:23.80,1501
00:08:23.81,1502
00:08:23.95,1502
00:08:24.01,1502
00:08:24.04,1502
00:08:24.07,1502
00:08:24.14,1501
00:08:24.23,1501
00:08:24.25,1501
00:08:24.26,1501
00:08:24.29,1502
00:08:24.31,1501
00:08:24.32,1501
00:08:24.33,1501
00:08:24.35,1502
00:08:24.41,1501
00:08:24.44,1501
00:08:24.47,1501
00:08:24.51,1502
00:08:24.51,1501
00:08:24.54,1501
00:08:24.61,1502
00:08:24.62,1501
00:08:24.62,1501
00:08:24.68,1501
00:08:24.73,1501
00:08:24.77,1501
00:08:24.89,2863
00:08:24.99,2911
00:08:25.06,1501
00:08:25.09,1501
00:08:25.18,1501
00:08:25.19,1501
00:08:25.30,1501
00:08:25.42,1502
00:08:25.42,1502
00:08:25.46,1501
00:08:25.54,1502
00:08:25.63,1502
00:08:25.64,1502
00:08:25.69,1502
00:08:25.80,1501
00:08:25.81,1502
00:08:25.83,1502
00:08:25.85,1501
00:08:25.86,1501
00:08:25.91,1502
00:08:25.97,1501
00:08:26.06,1502
00:08:26.08,1502
00:08:26.11,1502
00:08:26.14,1501
00:08:26.14,1501
00:08:26.16,1502
00:08:26.24,1501
00:08:26.29,1502
00:08:26.30,1502
00:08:26.30,1502
00:08:26.39,2899
00:08:26.50,2950
00:08:26.57,1502
00:08:26.72,1501
00:08:26.74,1502
00:08:26.75,1501
00:08:26.79,1501
00:08:27.03,1501
00:08:27.06,1501
00:08:27.09,1501
00:08:27.12,1502
00:08:27.22,1504
00:08:27.24,1502
00:08:27.25,1502
00:08:27.26,1501
00:08:27.33,1501
00:08:27.38,1502
00:08:27.39,1501
00:08:27.43,1501
00:08:27.48,1502
00:08:27.50,1501
00:08:27.67,1501
00:08:27.77,1501
00:08:27.81,1501
00:08:27.81,1501
00:08:27.81,1501
00:08:27.83,1502
00:08:27.89,1502
00:08:27.89,2923
00:08:27.93,1501
00:08:27.93,1501
00:08:27.95,1501
00:08:27.96,1502
00:08:28.00,3005
00:08:28.14,1501
00:08:28.16,1502
00:08:28.32,1501
00:08:28.48,1502
00:08:28.55,1515
00:08:28.57,1502
00:08:28.69,1501
00:08:28.74,1502
00:08:28.74,1502
00:08:28.79,1501
00:08:28.84,1501
00:08:28.87,1502
00:08:28.88,1501
00:08:28.89,1501
00:08:28.91,1501
00:08:28.94,1501
00:08:29.02,1501
00:08:29.07,1502
00:08:29.34,1501
00:08:29.36,1502
00:08:29.39,1502
00:08:29.39,1501
00:08:29.40,2979
00:08:29.44,1501
00:08:29.48,1502
00:08:29.51,2940
00:08:29.56,1502
00:08:29.65,1501
00:08:29.72,1502
00:08:29.76,1502
00:08:29.86,1501
00:08:29.86,1502
00:08:29.98,1501
00:08:30.00,1502
00:08:30.08,1501
00:08:30.12,1501
00:08:30.14,1501
00:08:30.16,1502
00:08:30.17,1502
00:08:30.18,1502
00:08:30.31,1502
00:08:30.34,1501
00:08:30.40,1501
00:08:30.51,1501
00:08:30.51,1502
00:08:30.63,1502
00:08:30.67,1502
00:08:30.68,1501
00:08:30.70,1502
00:08:30.81,1501
00:08:30.84,1501
00:08:30.86,1502
00:08:30.90,2999
00:08:30.99,1501
00:08:31.01,2960
00:08:31.04,1501
00:08:31.12,1501
00:08:31.18,1501
00:08:31.19,1501
00:08:31.22,1501
00:08:31.26,1521
00:08:31.31,1501
00:08:31.39,1501
00:08:31.43,1502
00:08:31.43,1501
00:08:31.52,1501
00:08:31.56,1502
00:08:31.61,1502
00:08:31.63,1501
00:08:31.68,1502
00:08:31.70,1501
00:08:31.71,1501
00:08:31.73,1501
00:08:31.88,1501
00:08:31.88,1501
00:08:31.89,1502
00:08:31.91,1501
00:08:32.00,1501
00:08:32.02,1502
00:08:32.04,1502
00:08:32.07,1501
00:08:32.08,1501
00:08:32.09,1502
00:08:32.12,1502
00:08:32.13,1501
00:08:32.20,1501
00:08:32.20,1501
00:08:32.31,1502
00:08:32.36,1501
00:08:32.37,1501
00:08:32.38,1501
00:08:32.39,1501
00:08:32.40,1501
00:08:32.40,1501
00:08:32.41,3001
00:08:32.52,2983
00:08:32.60,1501
00:08:32.60,1501
00:08:32.65,1501
00:08:32.72,1502
00:08:32.77,1504
00:08:32.77,1505
00:08:32.97,1501
00:08:33.18,1501
00:08:33.22,1501
00:08:33.22,1501
00:08:33.28,1502
00:08:33.32,1501
00:08:33.37,1501
00:08:33.38,1502
00:08:33.43,1502
00:08:33.43,1501
00:08:33.46,1502
00:08:33.53,1501
00:08:33.56,1502
00:08:33.58,1502
00:08:33.58,1502
00:08:33.73,1501
00:08:33.74,1501
00:08:33.80,1520
00:08:33.85,1502
00:08:33.90,1501
00:08:33.91,2892
00:08:33.95,1501
00:08:33.96,1502
00:08:34.00,1502
00:08:34.02,2999
00:08:34.13,1501
00:08:34.16,1502
00:08:34.53,1502
00:08:34.54,1501
00:08:34.57,1502
00:08:34.59,1502
00:08:34.59,1502
00:08:34.60,1501
00:08:34.68,1502
00:08:34.68,1501
00:08:34.79,1502
00:08:34.81,1502
00:08:34.82,1501
00:08:34.88,1501
00:08:34.94,1502
00:08:34.97,1502
00:08:34.97,1501
00:08:34.98,1501
00:08:35.02,1502
00:08:35.17,1502
00:08:35.18,1501
00:08:35.20,1502
00:08:35.21,1501
00:08:35.24,1502
00:08:35.26,1501
00:08:35.34,1501
00:08:35.41,2994
00:08:35.50,1501
00:08:35.52,1502
00:08:35.52,1501
00:08:35.53,2934
00:08:35.57,1502
00:08:35.59,1502
00:08:35.63,1501
00:08:35.64,1502
00:08:35.66,1502
00:08:35.68,1501
00:08:35.79,1501
00:08:35.83,1501
00:08:35.83,1501
00:08:35.86,1501
00:08:35.90,1501
00:08:35.96,1502
00:08:35.96,1501
00:08:36.06,1501
00:08:36.08,1501
00:08:36.14,1501
00:08:36.21,1502
00:08:36.23,1501
00:08:36.33,1502
00:08:36.49,1501
00:08:36.50,1501
00:08:36.58,1501
00:08:36.58,1501
00:08:36.61,1502
00:08:36.70,1501
00:08:36.76,1515
00:08:36.80,1502
00:08:36.81,1501
00:08:36.89,1501
00:08:36.92,2933
00:08:36.96,1501
00:08:37.03,3001
00:08:37.08,1501
00:08:37.14,1501
00:08:37.14,1501
00:08:37.16,1501
00:08:37.21,1501
00:08:37.21,1501
00:08:37.21,1501
00:08:37.26,1502
00:08:37.27,1501
00:08:37.28,1502
00:08:37.28,1502
00:08:37.30,1501
00:08:37.36,1501
00:08:37.37,1501
00:08:37.39,1502
00:08:37.51,1501
00:08:37.53,1501
00:08:37.59,1501
00:08:37.61,1502
00:08:37.64,1502
00:08:37.67,1502
00:08:37.72,1501
00:08:37.74,1501
00:08:37.78,1501
00:08:37.87,1502
00:08:37.90,1501
00:08:37.96,1502
00:08:38.01,1501
00:08:38.04,1501
00:08:38.12,1501
00:08:38.27,1502
00:08:38.27,1502
00:08:38.27,1502
00:08:38.35,1501
00:08:38.42,1501
00:08:38.43,2983
00:08:38.45,1502
00:08:38.53,2985
00:08:38.76,1501
00:08:38.77,1501
00:08:38.81,1501
00:08:38.84,1502
00:08:38.88,1501
00:08:38.92,1501
00:08:38.95,1501
00:08:38.96,1501
00:08:39.04,1502
00:08:39.06,1501
00:08:39.12,1501
00:08:39.18,1501
00:08:39.21,1502
00:08:39.21,1502
00:08:39.23,1502
00:08:39.27,1502
00:08:39.33,1502
00:08:39.38,1501
00:08:39.42,1502
00:08:39.42,1501
00:08:39.44,1502
00:08:39.45,1502
00:08:39.46,1502
00:08:39.55,1501
00:08:39.56,1502
00:08:39.58,1501
00:08:39.60,1502
00:08:39.63,1501
00:08:39.64,1501
00:08:39.65,1502
00:08:39.67,1502
00:08:39.74,1502
00:08:39.81,1502
00:08:39.86,1502
00:08:39.93,2981
00:08:39.98,1501
00:08:39.99,1501
00:08:40.01,1501
00:08:40.04,2941
00:08:40.19,1501
00:08:40.22,1501
00:08:40.22,1501
00:08:40.24,1501
00:08:40.25,1501
00:08:40.28,1501
00:08:40.33,1501
00:08:40.36,1501
00:08:40.38,1501
00:08:40.40,1501
00:08:40.42,1502
00:08:40.45,1502
00:08:40.46,1502
00:08:40.48,1501
00:08:40.50,1501
00:08:40.51,1501
00:08:40.54,1501
00:08:40.66,1501
00:08:40.66,1501
00:08:40.69,1501
00:08:40.69,1501
00:08:40.70,1501
00:08:40.71,1501
00:08:40.87,1502
00:08:40.99,1501
00:08:41.30,1502
00:08:41.43,2995
00:08:41.54,2871
00:08:41.62,1501
00:08:41.69,1501
00:08:41.83,1501
00:08:41.86,1502
00:08:41.89,1502
00:08:41.92,1501
00:08:41.92,1502
00:08:41.93,1501
00:08:41.97,1502
00:08:41.97,1502
00:08:42.01,1502
00:08:42.04,1502
00:08:42.06,1501
00:08:42.08,1502
00:08:42.09,1502
00:08:42.09,1501
00:08:42.10,1501
00:08:42.10,1502
00:08:42.14,1502
00:08:42.17,1501
00:08:42.23,1501
00:08:42.26,1501
00:08:42.30,1501
00:08:42.31,1501
00:08:42.37,1501
00:08:42.39,1502
00:08:42.40,1501
00:08:42.47,1501
00:08:42.49,1502
00:08:42.63,1502
00:08:42.65,1502
00:08:42.72,1501
00:08:42.73,1501
00:08:42.81,1501
00:08:42.84,1501
00:08:42.92,1502
00:08:42.94,2999
00:08:43.05,2936
00:08:43.16,1502
00:08:43.17,1502
00:08:43.43,1501
00:08:43.45,1501
00:08:43.46,1501
00:08:43.58,1502
00:08:43.62,1501
00:08:43.62,1501
00:08:43.68,1501
00:08:43.69,1501
00:08:43.78,1502
00:08:43.83,1501
00:08:43.86,1501
00:08:43.86,1501
00:08:43.89,1501
00:08:43.91,1501
00:08:43.96,1501
00:08:43.97,1502
00:08:43.99,1501
00:08:44.00,1502
00:08:44.01,1501
00:08:44.04,1502
00:08:44.13,1528
00:08:44.13,1513
00:08:44.15,1502
00:08:44.20,1502
00:08:44.33,1501
00:08:44.44,1501
00:08:44.44,2994
00:08:44.54,1501
00:08:44.55,2961
00:08:44.63,1501
00:08:44.63,1501
00:08:44.64,1502
00:08:44.69,1501
00:08:44.69,1501
00:08:44.71,1501
00:08:44.86,1501
00:08:44.91,1501
00:08:44.98,1501
00:08:45.01,1501
00:08:45.07,1501
00:08:45.19,1501
00:08:45.20,1501
00:08:45.25,1502
00:08:45.26,1501
00:08:45.28,1502
00:08:45.28,1501
00:08:45.28,1501
00:08:45.31,1501
00:08:45.41,1502
00:08:45.46,1501
00:08:45.47,1502
00:08:45.55,1502
00:08:45.56,1502
00:08:45.64,1502
00:08:45.67,1501
00:08:45.71,1501
00:08:45.72,1501
00:08:45.77,1502
00:08:45.80,1501
00:08:45.85,1502
00:08:45.88,1501
00:08:45.89,1502
00:08:45.92,1502
00:08:45.95,2937
00:08:46.00,1501
00:08:46.02,1501
00:08:46.06,2964
00:08:46.14,1501
00:08:46.28,1501
00:08:46.42,1502
00:08:46.52,1501
00:08:46.53,1502
00:08:46.54,1501
00:08:46.54,1502
00:08:46.57,1501
00:08:46.62,1502
00:08:46.63,1501
00:08:46.71,1502
00:08:46.72,1501
00:08:46.83,1502
00:08:46.92,1501
00:08:46.94,1502
00:08:46.94,1501
00:08:46.94,1501
00:08:47.02,1501
00:08:47.03,1502
00:08:47.06,1501
00:08:47.14,1501
00:08:47.18,1502
00:08:47.18,1501
00:08:47.25,1501
00:08:47.26,1502
00:08:47.26,1502
00:08:47.28,1501
00:08:47.29,1501
00:08:47.29,1501
00:08:47.29,1501
00:08:47.31,1501
00:08:47.32,1501
00:08:47.33,1501
00:08:47.41,1501
00:08:47.45,2960
00:08:47.54,1502
00:08:47.55,1501
00:08:47.55,1502
00:08:47.56,1501
00:08:47.56,2932
00:08:47.62,1501
00:08:47.69,1501
00:08:47.71,1501
00:08:47.74,1501
00:08:47.85,1501
00:08:47.92,1502
00:08:47.93,1501
00:08:47.94,1501
00:08:47.96,1502
00:08:48.03,1501
00:08:48.10,1501
00:08:48.11,1501
00:08:48.19,1501
00:08:48.28,1502
00:08:48.28,1501
00:08:48.39,1502
00:08:48.41,1501
00:08:48.44,1502
00:08:48.45,1501
00:08:48.53,1501
00:08:48.58,1501
00:08:48.62,1502
00:08:48.65,1502
00:08:48.66,1502
00:08:48.76,1501
00:08:48.93,1501
00:08:48.95,1502
00:08:48.96,2965
00:08:48.99,1502
00:08:49.06,1502
00:08:49.06,2983
00:08:49.11,1502
00:08:49.11,1502
00:08:49.12,1502
00:08:49.13,1501
00:08:49.15,1501
00:08:49.19,1501
00:08:49.26,1502
00:08:49.26,1501
00:08:49.32,1501
00:08:49.32,1501
00:08:49.37,1502
00:08:49.37,1502
00:08:49.40,1501
00:08:49.57,1515
00:08:49.61,1502
00:08:49.62,1501
00:08:49.66,1501
00:08:49.76,1501
00:08:49.80,1501
00:08:49.82,1501
00:08:49.86,1501
00:08:49.95,1501
00:08:50.01,1501
00:08:50.04,1501
00:08:50.15,1501
00:08:50.27,1502
00:08:50.46,3000
00:08:50.54,1501
00:08:50.54,1502
00:08:50.57,2960
00:08:50.66,1501
00:08:50.84,1501
00:08:50.90,1501
00:08:50.94,1502
00:08:50.95,1501
00:08:50.97,1501
00:08:51.09,1502
00:08:51.10,1502
00:08:51.14,1501
00:08:51.17,1501
00:08:51.17,1502
00:08:51.19,1501
00:08:51.19,1501
00:08:51.22,1501
00:08:51.25,1502
00:08:51.28,1501
00:08:51.29,1501
00:08:51.42,1501
00:08:51.44,1502
00:08:51.49,1502
00:08:51.50,1501
00:08:51.54,1501
00:08:51.55,1502
00:08:51.59,1502
00:08:51.69,1502
00:08:51.70,1501
00:08:51.76,1501
00:08:51.77,1502
00:08:51.78,1501
00:08:51.79,1501
00:08:51.82,1502
00:08:51.91,1502
00:08:51.92,1501
00:08:51.93,1501
00:08:51.96,1501
00:08:51.96,1501
00:08:51.97,2952
00:08:52.04,1501
00:08:52.07,2980
00:08:52.11,1501
00:08:52.15,1502
00:08:52.23,1501
00:08:52.23,1502
00:08:52.31,1502
00:08:52.40,1501
00:08:52.41,1502
00:08:52.44,1501
00:08:52.48,1501
00:08:52.54,1502
00:08:52.56,1501
00:08:52.62,1501
00:08:52.75,1501
00:08:52.81,1501
00:08:52.87,1501
00:08:52.89,1501
00:08:52.95,1502
00:08:52.96,1501
00:08:52.97,1501
00:08:53.03,1501
00:08:53.04,1502
00:08:53.26,1501
00:08:53.30,1501
00:08:53.32,1501
00:08:53.34,1501
00:08:53.41,1501
00:08:53.46,1501
00:08:53.47,2998
00:08:53.53,1501
00:08:53.57,1501
00:08:53.58,2979
00:08:53.74,1501
00:08:53.78,1502
00:08:53.79,1501
00:08:53.79,1502
00:08:53.83,1502
00:08:53.84,1501
00:08:53.87,1501
00:08:53.90,1501
00:08:53.96,1502
00:08:53.99,1501
00:08:54.03,1501
00:08:54.04,1502
00:08:54.04,1501
00:08:54.09,1502
00:08:54.10,1502
00:08:54.13,1501
00:08:54.16,1502
00:08:54.18,1501
00:08:54.24,1501
00:08:54.28,1501
00:08:54.41,1502
00:08:54.51,1501
00:08:54.51,1501
00:08:54.58,1501
00:08:54.77,1501
00:08:54.77,1502
00:08:54.83,1502
00:08:54.87,1502
00:08:54.88,1501
00:08:54.98,2966
00:08:55.08,3002
00:08:55.13,1502
00:08:55.17,1501
00:08:55.29,1502
00:08:55.29,1501
00:08:55.35,1502
00:08:55.37,1502
00:08:55.46,1501
00:08:55.51,1502
00:08:55.52,1502
00:08:55.53,1501
00:08:55.53,1501
00:08:55.58,1502
00:08:55.58,1502
00:08:55.60,1502
00:08:55.68,1502
00:08:55.69,1502
00:08:55.71,1502
00:08:55.73,1501
00:08:55.77,1501
00:08:55.80,1502
00:08:55.82,1501
00:08:55.87,1501
00:08:55.87,1501
00:08:55.97,1501
00:08:56.01,1501
00:08:56.02,1501
00:08:56.02,1502
00:08:56.04,1502
00:08:56.04,1501
00:08:56.12,1502
00:08:56.15,1502
00:08:56.19,1501
00:08:56.22,1501
00:08:56.24,1501
00:08:56.24,1501
00:08:56.35,1501
00:08:56.36,1501
00:08:56.42,1501
00:08:56.42,1502
00:08:56.44,1501
00:08:56.46,1501
00:08:56.48,2911
00:08:56.59,2967
00:08:56.70,1502
00:08:56.82,1501
00:08:56.84,1501
00:08:56.87,1502
00:08:56.99,1501
00:08:57.03,1501
00:08:57.04,1501
00:08:57.07,1501
00:08:57.17,1502
00:08:57.20,1502
00:08:57.21,1502
00:08:57.31,1502
00:08:57.38,1501
00:08:57.40,1501
00:08:57.44,1502
00:08:57.46,1502
00:08:57.54,1501
00:08:57.61,1501
00:08:57.65,1501
00:08:57.66,1502
00:08:57.67,1502
00:08:57.72,1501
00:08:57.76,1502
00:08:57.78,1501
00:08:57.80,1501
00:08:57.82,1502
00:08:57.84,1502
00:08:57.96,1502
00:08:57.99,3007
00:08:58.04,1502
00:08:58.04,1502
00:08:58.09,2969
00:08:58.28,1501
00:08:58.30,1502
00:08:58.46,1501
00:08:58.49,1501
00:08:58.52,1502
00:08:58.54,1501
00:08:58.55,1501
00:08:58.56,1501
00:08:58.61,1501
00:08:58.65,1501
00:08:58.66,1501
00:08:58.68,1501
00:08:58.84,1501
00:08:58.86,1501
00:08:58.91,1501
00:08:58.94,1501
00:08:58.97,1508
00:08:58.97,1501
00:08:59.01,1528
00:08:59.04,1502
00:08:59.06,1501
00:08:59.10,1501
00:08:59.21,1501
00:08:59.22,1501
00:08:59.23,1501
00:08:59.31,1501
00:08:59.33,1501
00:08:59.33,1501
00:08:59.35,1501
00:08:59.49,2956
00:08:59.55,1475
00:08:59.59,2957
00:08:59.60,1514
00:08:59.65,1539
00:08:59.65,1491
00:08:59.71,1496
00:08:59.71,1434
00:08:59.76,1438
00:08:59.76,1422
00:08:59.81,1450
00:08:59.81,1402
00:08:59.86,1436
00:08:59.87,1405
00:08:59.92,1405
00:08:59.92,1320
00:08:59.97,1361
00:08:59.97,1299
00:09:00.02,1350
00:09:00.03,1257
00:09:00.08,1268
00:09:00.08,1190
00:09:00.13,1239
00:09:00.13,1223
00:09:00.18,1171
00:09:00.18,1168
00:09:00.24,1065
00:09:00.24,1018
00:09:00.29,990
00:09:00.29,979
00:09:00.34,938
00:09:00.34,934
00:09:00.40,935
00:09:00.45,938
00:09:00.45,858
00:09:00.50,821
00:09:00.50,783
00:09:00.55,819
00:09:00.56,806
00:09:00.61,856
00:09:00.61,850
00:09:00.66,870
00:09:00.66,851
00:09:00.71,864
00:09:00.71,853
00:09:00.77,886
00:09:00.77,735
00:09:00.82,727
00:09:00.82,722
00:09:00.87,762
00:09:00.87,705
00:09:00.92,701
00:09:00.93,695
00:09:00.93,1501
00:09:00.98,742
00:09:00.98,739
00:09:01.03,691
00:09:01.03,680
00:09:01.08,684
00:09:01.09,568
00:09:01.14,533
00:09:01.14,531
00:09:01.19,561
00:09:01.19,423
00:09:01.24,428
00:09:01.24,207
00:09:01.29,103
00:09:01.33,101
00:09:01.35,120
00:09:03.21,125
00:09:03.75,111
00:09:04.26,116
00:09:10.46,103
00:09:10.51,137
00:09:11.10,127
00:09:18.23,115
00:09:18.30,112
00:09:18.30,123
00:09:18.36,113
00:09:18.36,135
00:09:18.72,105
00:09:18.95,100
00:09:20.58,105
00:09:20.58,101
00:09:20.63,133
00:09:22.79,118
00:09:23.34,108
00:09:25.74,102
00:09:27.48,100
00:09:31.48,100
00:09:39.06,102
00:09:39.67,100
00:09:42.08,102
00:09:45.01,101
00:09:45.01,101
00:09:45.06,144
00:09:45.11,100
00:09:45.16,141
00:09:46.50,100
00:09:46.55,118
00:09:46.66,108
00:09:52.85,110
00:09:52.86,123
00:09:52.90,127
00:10:00.10,128
00:10:00.10,101
00:10:00.52,110
00:10:02.52,104
00:10:05.13,103
